{"type": "FeatureCollection", "features": [{"type": "Feature", "properties": {}, "geometry": {"type": "Polygon", "coordinates": [[[147.91107691316904, 44.96506710776089], [147.78528325631726, 44.94759166702187], [147.7558738911672, 44.959464414151455], [147.70764483803896, 45.00722066670045], [147.65650128360744, 44.995279919133], [147.61097169938444, 44.94286563973753], [147.65158477271916, 44.91911519830779], [147.59689367070644, 44.85330261312515], [147.55061291785194, 44.81618494557881], [147.5012145014482, 44.80494341370763], [147.48682144025736, 44.78137236004642], [147.42123488977836, 44.764607801908596], [147.33499060972895, 44.71420691931394], [147.2660524118894, 44.637987440568], [147.25298625181415, 44.60054925194646], [147.2071253834298, 44.56862989155633], [147.07433968922533, 44.55572299961682], [146.95458907902287, 44.42634789164191], [146.86159050639685, 44.445884054205806], [146.87595744498014, 44.49923872138993], [146.9523195328203, 44.54978422486215], [146.93078885921852, 44.59036430566823], [146.94808341122052, 44.6314467207896], [146.95815360580434, 44.596104278989344], [146.9930195328252, 44.57543472063588], [147.03354732794685, 44.61636602717044], [147.0335835283572, 44.63810208074648], [147.00643189411664, 44.6592541982227], [147.09650094676135, 44.6385557212696], [147.18593778230286, 44.6971524143525], [147.19460099923674, 44.76131102668256], [147.12576522698373, 44.77044561337442], [147.10174374787573, 44.817896252010485], [147.13837252866938, 44.82891033274569], [147.19805627817482, 44.7965698018549], [147.24226902739372, 44.80812708119987], [147.2655801167291, 44.86807166737361], [147.38169416265555, 44.91067325236878], [147.4537841371283, 44.972245053866175], [147.51724620025198, 44.9973931712579], [147.51113555066524, 45.026106801987396], [147.53264306132826, 45.08893794572964], [147.49628833993495, 45.11286880195371], [147.55531516166548, 45.110076468154546], [147.58121791187716, 45.085557801551374], [147.63857544709924, 45.075363747838765], [147.69465810608676, 45.10002025173327], [147.69287863823865, 45.14183577530082], [147.73480988296978, 45.19369986475698], [147.81492214014474, 45.21643155866957], [147.84235549870732, 45.20701789166242], [147.86976791205961, 45.22415655877819], [147.8817262000042, 45.25596389241974], [147.86636185481586, 45.264351198249244], [147.8720478598209, 45.29734263955123], [147.8492448640593, 45.367091945836705], [147.90040150542518, 45.42751835998439], [147.92513883319066, 45.438022026895055], [147.96476949431678, 45.420183721401656], [148.0169021923823, 45.2793627483922], [148.09011586255713, 45.25745777515624], [148.16353099885657, 45.258365225274986], [148.27400031056595, 45.272264775399094], [148.41810111467476, 45.32721519782319], [148.478781387651, 45.38374805382966], [148.47031852078317, 45.39993705395193], [148.4862804672698, 45.420634000258985], [148.55676050599266, 45.457855359637165], [148.5783380027966, 45.489572279037475], [148.6296798046793, 45.501507386956405], [148.65126620027502, 45.537336558935124], [148.78369289231318, 45.55682258609352], [148.83825710807912, 45.55068819800198], [148.8921596890185, 45.51235063967033], [148.88632233530757, 45.48189194555687], [148.82681197059605, 45.449119892069405], [148.8292325813186, 45.42743172109709], [148.87656425403713, 45.394356667126544], [148.84239713442025, 45.33663827893349], [148.77675613538736, 45.32264258588668], [148.74414391660855, 45.33725453217096], [148.63898605666122, 45.33533386536567], [148.5634876390434, 45.31201058572003], [148.50499182920964, 45.27857469406695], [148.49438391738397, 45.256177225098895], [148.301725863358, 45.214873747625404], [148.2662617513788, 45.18500697289352], [148.09964544677996, 45.11264977476736], [147.98397319101002, 45.00419950490328], [147.91107691316904, 44.96506710776089]]]}}, {"type": "Feature", "properties": {}, "geometry": {"type": "Polygon", "coordinates": [[[146.91469063576426, 43.84727261314066], [146.8982931907782, 43.80581817097186], [146.84708228342072, 43.81210250482678], [146.82641710836288, 43.79688961266555], [146.84684155559341, 43.790643359703324], [146.84968555094747, 43.78675764005311], [146.79687379998597, 43.78644966721845], [146.78681286572123, 43.75851291943576], [146.76990211379155, 43.76665169402054], [146.72095189431457, 43.73361946756444], [146.6955560307863, 43.74593994577191], [146.6747687808546, 43.70652380173209], [146.63977780759978, 43.703601198436616], [146.65068391662953, 43.71390327871342], [146.6218426721017, 43.73129974818488], [146.62509391735045, 43.75598358607368], [146.60751805381517, 43.75316353157177], [146.60847752341908, 43.73522333289054], [146.58564875488617, 43.74423986467809], [146.60760299568176, 43.76746446801087], [146.58818814536664, 43.80839908135255], [146.7210448383487, 43.83229189175745], [146.74871282733523, 43.81458122524339], [146.72168352787253, 43.845965305554444], [146.7754459395785, 43.876522613028214], [146.7964653054296, 43.858495865391944], [146.78930296975636, 43.87880699984322], [146.82292124481967, 43.866846198293445], [146.8182954217964, 43.88592866727424], [146.8433331132327, 43.88895527896301], [146.8926226720987, 43.84731119765371], [146.91469063576426, 43.84727261314066]]]}}, {"type": "Feature", "properties": {}, "geometry": {"type": "Polygon", "coordinates": [[[145.86542066073503, 44.030139441382175], [145.87812364489037, 44.020943054178645], [145.84179221773672, 44.03212866710436], [145.81764457813483, 44.021394801628844], [145.78110586264552, 43.93194486476375], [145.65060211359673, 43.9088636943041], [145.58987474672222, 43.868312198449246], [145.54712708214913, 43.65482374771784], [145.53500070012228, 43.67073922533501], [145.5503235541887, 43.73100227943172], [145.43829522724297, 43.71679753178074], [145.42218319110145, 43.73619569427592], [145.42567330707755, 43.781776973328704], [145.4047221404145, 43.84046610772475], [145.44409836624664, 43.85272153167341], [145.47308136191543, 43.89861097331783], [145.58930810638412, 43.95117922474151], [145.59899608280307, 43.97199508120809], [145.6768219971375, 44.011979972697645], [145.6761574970709, 44.025748801865745], [145.7424495593997, 44.05222374842731], [145.74414542177385, 44.104487639592946], [145.83748919557001, 44.18237605411167], [145.88907814464073, 44.25155710757451], [145.987985356639, 44.318886613426514], [146.00597858564333, 44.38037905425], [146.05186330674633, 44.41844164036945], [146.08166888531082, 44.474106585850336], [146.12935019465579, 44.50794850521942], [146.1735295331615, 44.51479230641985], [146.22623795112065, 44.48197850460434], [146.24085535718905, 44.45448827921075], [146.33771953342978, 44.417424505336726], [146.47674247658404, 44.42112886500519], [146.57741968926734, 44.45494153212604], [146.5335737995913, 44.380127864609335], [146.4920797800579, 44.35450058573349], [146.43150075185827, 44.37591317115596], [146.3881809466934, 44.359202774688356], [146.36600355442056, 44.338031721087134], [146.36991744533395, 44.32158774787632], [146.29614686098887, 44.27566961336203], [146.11023525295468, 44.26243802659371], [146.06533861158766, 44.23076655892959], [146.04661938957327, 44.18404610774172], [145.9852224774354, 44.171278586437666], [145.90608658902488, 44.12086458633166], [145.9029400257616, 44.094325467746216], [145.86961907915725, 44.06850880243934], [145.86542066073503, 44.030139441382175]]]}}, {"type": "Feature", "properties": {}, "geometry": {"type": "Polygon", "coordinates": [[[146.19666869010803, 43.49454725165441], [146.11574985707034, 43.45831608092243], [146.10346169869854, 43.49452350505578], [146.05853808036818, 43.52206469413039], [146.13498946818947, 43.548903973139886], [146.2042010887094, 43.53370897299078], [146.17830085569994, 43.503896000200314], [146.19666869010803, 43.49454725165441]]]}}, {"type": "Feature", "properties": {}, "geometry": {"type": "Polygon", "coordinates": [[[145.93415036334864, 43.44036691869837], [145.9555312449711, 43.425021387327206], [145.89876644571495, 43.416761504639794], [145.8968032814463, 43.44633438722224], [145.86263552510945, 43.45445891924379], [145.94997518840432, 43.45432583756741], [145.93415036334864, 43.44036691869837]]]}}, {"type": "Feature", "properties": {}, "geometry": {"type": "Polygon", "coordinates": [[[139.99352693891717, 41.6302136132677], [140.00857944238737, 41.69202444107515], [140.0673160825712, 41.760032026756676], [140.07143744528196, 41.80708861304913], [140.10879167319717, 41.80493999958139], [140.12301903969694, 41.82529305413118], [140.12498592715883, 41.85933709882812], [140.10994228291008, 41.86329401780472], [140.1388492480944, 41.89358309888098], [140.13275527913288, 41.97510555867467], [140.07017000014548, 42.05978610834228], [140.10375333294996, 42.07296222492681], [140.07055221831024, 42.060060837737524], [140.01940917019715, 42.11708833256057], [139.92057000000557, 42.133273891876684], [139.9294508303916, 42.139813892197424], [139.91754752339955, 42.13761881975279], [139.8774930612558, 42.210694720984634], [139.814541946154, 42.220674171276016], [139.77443972821095, 42.25920527900047], [139.78573503234588, 42.27517035962444], [139.76709583740308, 42.30254750516326], [139.77176666699813, 42.32945138697198], [139.83367805429884, 42.401013053809436], [139.85290444898123, 42.46461361342756], [139.82316527905448, 42.613055278678246], [139.89872805395657, 42.67990194571826], [140.04581472057293, 42.693997504881], [140.07333888458197, 42.72773666681377], [140.14096527912443, 42.75163389199059], [140.18624944195824, 42.82771722506993], [140.20471500569306, 42.80948027889178], [140.22407333271815, 42.805206386665475], [140.23002169874246, 42.7965842876348], [140.23351352792702, 42.79888146820525], [140.2381211405782, 42.795249306110634], [140.24613055757925, 42.76805944079064], [140.30499666686273, 42.77785333306491], [140.30449722386788, 42.82875694567656], [140.35847416255262, 42.877574441407376], [140.36774861180902, 42.86601750470413], [140.35855194581575, 42.87757305375351], [140.3986297282794, 42.911243612702606], [140.38087389061764, 42.905822774601404], [140.39012444938385, 42.92284389223187], [140.52663027196957, 42.997272774918656], [140.52876983357783, 43.02842491868596], [140.50390389125164, 43.032356945816446], [140.49507625216734, 43.064735865168075], [140.4495563941124, 43.1080730542281], [140.45927416327208, 43.12548666657648], [140.4437874967956, 43.118979999627356], [140.32454500624715, 43.220944170936775], [140.32685389059463, 43.258855838226395], [140.36003221821238, 43.315694999724485], [140.3461186116847, 43.33371444126851], [140.42951722364103, 43.329586667290926], [140.46068416264404, 43.34574583780022], [140.46161693857096, 43.37218777474607], [140.4820697279357, 43.375697774732544], [140.52725861209535, 43.3593277752567], [140.6070963287326, 43.295614080925134], [140.63004924777465, 43.29797933297988], [140.64635444929843, 43.28455280197028], [140.6427910511661, 43.264414504625734], [140.7179397278362, 43.2500741706865], [140.7749082747971, 43.22687074818651], [140.77438391698422, 43.204676026877166], [140.7903773928025, 43.194831640367966], [141.01707486361408, 43.23831005356618], [141.00085306072026, 43.203335305879705], [141.01365131006003, 43.190070694207236], [141.15790966280076, 43.14457494607694], [141.24382703029323, 43.17380297282898], [141.27612577238654, 43.20068510813127], [141.29254306091354, 43.18262417096878], [141.2894111152308, 43.20852408112148], [141.3096216731018, 43.214808747725556], [141.3007351616984, 43.221273505368], [141.33026372209315, 43.23133594599716], [141.4243538909194, 43.3300266668972], [141.4274888853039, 43.4214788921372], [141.3577213884314, 43.51797889241203], [141.3856320225998, 43.59132172142034], [141.35107749662927, 43.64328472101312], [141.32875250312554, 43.724997224642266], [141.3373500003023, 43.73747055881927], [141.3713636056459, 43.72761222472445], [141.3374300003943, 43.73749444121552], [141.38752583744747, 43.80670194643773], [141.49357328068243, 43.836199134882236], [141.51034306118333, 43.856381667180244], [141.55908999970382, 43.8582638915654], [141.60967306066334, 43.90239055857745], [141.6258783403132, 43.89868833300022], [141.6078933329111, 43.90312110755315], [141.63352819666898, 43.935702973313596], [141.62953647213055, 43.963134892061646], [141.63206849536482, 43.95167341389697], [141.6462932556293, 43.941959802303074], [141.6455179509927, 43.97112841444482], [141.63301577196034, 43.97436991913651], [141.646275966163, 43.97596225155672], [141.64940341073884, 43.99953783780103], [141.66227055803984, 44.02342027902273], [141.64735691259148, 44.316073703138954], [141.6847588846149, 44.34679666663288], [141.69825972840385, 44.34189444057603], [141.68368018199487, 44.34720250459196], [141.6943322829086, 44.37668619780982], [141.69437977970313, 44.36843746761508], [141.70245780778168, 44.36922583760236], [141.74705944183984, 44.43280110828459], [141.79296562166763, 44.640489259141404], [141.77753917019663, 44.757112225149115], [141.73181972829786, 44.90011666665089], [141.56866693862833, 45.200759441195316], [141.57206775642192, 45.235400532308745], [141.6162441631377, 45.28417444059801], [141.60724260686084, 45.31190772126439], [141.65704610939054, 45.35929472117448], [141.63444625159332, 45.404434612967066], [141.64315330687964, 45.448968359901926], [141.69655413716373, 45.41517558578471], [141.68021766531308, 45.418587612728174], [141.68592488982188, 45.41544081114455], [141.6783921917463, 45.41474302716904], [141.6772676911511, 45.405040170567474], [141.68102972793963, 45.40301917089806], [141.79787360608213, 45.40705817099786], [141.8646311152338, 45.440640558614916], [141.89251805406502, 45.510826946206635], [141.94653922230736, 45.522147999730464], [141.97763472096563, 45.47539417110414], [142.0186069385594, 45.45377833260403], [142.03507019503354, 45.41730433322846], [142.05183766787667, 45.399674425213256], [142.1714391956624, 45.34322180194465], [142.4139066670591, 45.11467999968227], [142.4822144491376, 45.06142917091955], [142.50437111473525, 45.06007110829506], [142.48447929269838, 45.05443076520306], [142.50447082976507, 45.05974305359911], [142.50780194560332, 45.040011107726514], [142.53414138771495, 45.028576945569625], [142.5401211148976, 44.99112666736187], [142.58475693938135, 44.96141638725652], [142.58949011717527, 44.91727102693642], [142.63250138832848, 44.887823053890884], [142.65755916972, 44.842629720785055], [142.77743555100994, 44.72926305424659], [142.92745083019167, 44.62885055880628], [142.990208885132, 44.56029638676887], [143.34879719773255, 44.370489847328656], [143.36434548575562, 44.33798219812002], [143.40880679589702, 44.31078719767106], [143.55904444864245, 44.25252361257469], [143.7836547206889, 44.17966944099197], [143.98317092100126, 44.13662891938918], [144.1005494676839, 44.129299108367206], [144.18861603140476, 44.1036769727142], [144.24325693865683, 44.11354777500986], [144.25487771733287, 44.03863636017991], [144.2731370818109, 44.02382580221905], [144.2845164977382, 44.02798046772443], [144.29127247744293, 44.02477755923701], [144.27789241170547, 44.02370719782897], [144.28768603058586, 44.02305902675272], [144.29207564217722, 44.0188823062735], [144.2821444746878, 44.011049080850455], [144.29852002567873, 43.982681198078865], [144.3596894417144, 43.95375194589565], [144.55419444871495, 43.92131027904617], [144.6685514136169, 43.9231258016145], [144.66181888463393, 43.91956510774361], [144.6602820493771, 43.91547189201424], [144.79528916975949, 43.93139250476037], [144.91417972771228, 44.00742083800134], [144.93562722391732, 44.04307777541908], [144.99717678338186, 44.072639440757655], [145.01525027238222, 44.100128613045115], [145.19193250338242, 44.1953452789615], [145.31370749740313, 44.333196386604016], [145.3450847212829, 44.33804555895546], [145.36708360622356, 44.25864694619963], [145.32893250343238, 44.19150222494778], [145.2594883011443, 44.13298983791077], [145.23875916989982, 44.05759944056177], [145.1422130613837, 43.96845777510629], [145.09387027189564, 43.89093861322647], [145.08365666692168, 43.82092277486623], [145.0611183398396, 43.80605500023813], [145.06906861202685, 43.747955838191444], [145.13973472138036, 43.649071945613855], [145.24557555077115, 43.61374694616467], [145.19360083031415, 43.61983889165157], [145.24473972805606, 43.52447110815518], [145.27771111537572, 43.40211250538789], [145.31821999955343, 43.34828499985292], [145.39687778228392, 43.29102000037278], [145.4928377819382, 43.26657750544757], [145.5223002718401, 43.30703972110632], [145.65034221761937, 43.39131722520983], [145.72135972806905, 43.383121667431055], [145.75754416283291, 43.3993344411316], [145.8174316726337, 43.38542610822839], [145.75667805364935, 43.33537610782116], [145.70661083032564, 43.3347194408496], [145.67669389141008, 43.31151777472559], [145.6219624116361, 43.31659597292588], [145.59042155610996, 43.278104694376225], [145.56792204916326, 43.28303883827181], [145.55672500585445, 43.21925750502987], [145.53014778209456, 43.20809222487634], [145.5294086122177, 43.18597583811447], [145.50987669265533, 43.188654413970085], [145.52396277566163, 43.17368666710604], [145.5091719461285, 43.16158277532486], [145.49577472132637, 43.15879500018917], [145.5018425029292, 43.17569750533568], [145.47674999961282, 43.188368333331994], [145.3264580538961, 43.172950559420826], [145.31695306073527, 43.18688972108379], [145.31701778224487, 43.16676750541609], [145.28409888475574, 43.17015389178874], [145.21563861183256, 43.138467775067795], [145.14655583718218, 43.145030000334316], [145.11280834033266, 43.11941861337834], [145.1155336062909, 43.08427777529914], [145.17264833984905, 43.07603417124005], [145.09856138839746, 43.07706000001906], [145.08586389100583, 43.04492610815345], [145.03098472096815, 43.02924583832481], [145.02484861157427, 42.99995333288007], [144.97368888463438, 42.98126138730322], [144.877161387588, 42.985626945627075], [144.8323005581243, 43.01422213474376], [144.8309774449532, 43.03563466710625], [144.8543167442224, 43.04873366682534], [144.81363916971202, 43.05923480214443], [144.778153606204, 43.05194027872096], [144.72322944218513, 42.98699417144388], [144.7856600000091, 42.93639666737238], [144.77410722356956, 42.9328799998122], [144.6298527756851, 42.95127472125142], [144.44724080362028, 42.94383561292324], [144.36252866436644, 42.970546838365976], [144.37172922172624, 42.98562772084267], [144.35751581090597, 42.997513413713136], [144.3034601689517, 43.00491017116752], [144.1447423481809, 42.97673786486064], [143.9174863938821, 42.873721386932516], [143.57824583677598, 42.624836946068285], [143.38824866629878, 42.415907834208326], [143.32650661498838, 42.313416892175894], [143.34013525333933, 42.30086563983747], [143.32765516165648, 42.306867666609605], [143.31973939016075, 42.28855133277784], [143.34770549900963, 42.30242444103516], [143.30909805413194, 42.257745279121366], [143.32046027232377, 42.209397225001965], [143.33597861202338, 42.20157444070793], [143.31220194636285, 42.05449305401129], [143.25643666711858, 41.9980494413287], [143.2405886116752, 41.94832944085107], [143.24910333255286, 41.92436694557813], [143.1635899998787, 41.982730000189406], [143.1342599998991, 42.02783833297275], [143.00887944213264, 42.0809825048388], [142.9613197283229, 42.11985333326476], [142.81495916982988, 42.14152361312432], [142.7555737740105, 42.16482680191541], [142.7734625287727, 42.16163489213659], [142.75942549928743, 42.175040279185566], [142.67111527864722, 42.191477225093934], [142.58394138828453, 42.243666108304296], [142.48353802905683, 42.26909380243711], [142.4489236064394, 42.3019013872393], [142.36780243763246, 42.32347613481585], [142.3345437088252, 42.34501338695827], [142.3455741626176, 42.35685250483925], [142.3345298313867, 42.345011251967776], [142.27438749688554, 42.37642250529444], [142.1942861089169, 42.44776638690928], [142.0273416210191, 42.48506767623235], [141.90510700418497, 42.57670758638608], [141.81771613529145, 42.60100777528868], [141.81813949384264, 42.612970225295726], [141.7988507653506, 42.60224872100173], [141.71621649799306, 42.627443999740876], [141.62488616056794, 42.62013586507817], [141.69540581082958, 42.65739633327422], [141.62313442331504, 42.643317559058175], [141.62007197094476, 42.62124108061141], [141.52450591391687, 42.61197566684359], [141.42307213139892, 42.57927616502592], [141.20603797657145, 42.453388108374554], [141.15560683538718, 42.44025291903705], [141.00254105132854, 42.30099155931305], [140.9475731388893, 42.316619359995514], [140.93087299559238, 42.34045658600269], [140.95030199673977, 42.35073263989949], [140.98173786001428, 42.32312825186739], [140.97959936391953, 42.34336725169737], [141.0075501950855, 42.34827386464718], [140.91578350210705, 42.36600089162789], [140.87404900116053, 42.458009000415075], [140.7800048902136, 42.49923208119566], [140.78621671892654, 42.51788646838588], [140.77311564177353, 42.52027083822867], [140.7886652787796, 42.531473612916955], [140.77264291763663, 42.52025469359927], [140.77072727624284, 42.54015727863555], [140.7276633831446, 42.57295541554259], [140.64576389059118, 42.586574440657955], [140.58270472104607, 42.56618361278356], [140.53711306111893, 42.58741027866148], [140.47586583663906, 42.589052224880334], [140.37436666698818, 42.506200135427946], [140.31535306079513, 42.41895889213919], [140.27621428026487, 42.313429837916715], [140.28808002617234, 42.25186672117229], [140.39413727561487, 42.221377000448285], [140.55002267170903, 42.11315369428763], [140.58498977965462, 42.10823858634171], [140.71213727591464, 42.137780775062765], [140.76096888470636, 42.11582777533164], [140.7671802718521, 42.097340000140946], [140.75162306075572, 42.09271389203252], [140.80251360621799, 42.07686750483151], [140.82144705573705, 42.03417987360234], [140.86463639355475, 42.009352225125156], [140.84233194596266, 41.99377027907519], [140.87936055814328, 42.00521917122785], [140.961186420417, 41.91524217138914], [141.11096916999122, 41.87388055904063], [141.14942693890214, 41.853766386909285], [141.1468658369888, 41.83114583840978], [141.18315182859408, 41.81789777516224], [141.18660430614386, 41.80223041420231], [141.15598228255635, 41.784637306166815], [141.11032639394796, 41.785417774710595], [141.05279583725815, 41.72598555928619], [140.96830316495914, 41.71010283767589], [140.90678785977195, 41.74570517095691], [140.78628172462197, 41.77378744073786], [140.73741938959324, 41.7682264405978], [140.70189316503763, 41.74057994630755], [140.7017171982901, 41.785305387333835], [140.71496335857216, 41.76658638655255], [140.72732481169078, 41.78107483793349], [140.70878586327706, 41.80661933331561], [140.71852873789993, 41.8159761759682], [140.63051688714472, 41.81225353197499], [140.60140138806366, 41.742113613252684], [140.5267252790485, 41.70045222538994], [140.47874167338955, 41.70064138699047], [140.44166411200922, 41.680823081020435], [140.42951805371524, 41.535035558844015], [140.40892416341944, 41.51681944096447], [140.25863121855593, 41.48090369395038], [140.19983111501404, 41.39823499964558], [140.14539888465083, 41.42826972097089], [140.08856092104975, 41.417825332872894], [140.03872722378242, 41.44404083761464], [139.9858583919513, 41.55111044129387], [139.99352693891717, 41.6302136132677]]]}}, {"type": "Feature", "properties": {}, "geometry": {"type": "Polygon", "coordinates": [[[145.24557555077115, 43.61374694616467], [145.3022196888876, 43.60411583837532], [145.32770630390291, 43.59584989155928], [145.34351333317386, 43.58396155917865], [145.34920083015425, 43.56432505385823], [145.32940063563092, 43.55074969404319], [145.28501097267826, 43.5508816668555], [145.3109744226316, 43.55211102660263], [145.28359383898453, 43.56154433300463], [145.33399450124534, 43.563478414097574], [145.34206175094914, 43.573515838285346], [145.33990508405248, 43.58488030568162], [145.32022036337912, 43.581951586096864], [145.331648339999, 43.583804053714175], [145.335005668377, 43.589859721449045], [145.3072074971284, 43.60058722512042], [145.27959005183948, 43.59155727904522], [145.28803732806034, 43.60295330635006], [145.24141630411918, 43.59138102721266], [145.26919111457835, 43.607976666589934], [145.24557555077115, 43.61374694616467]]]}}, {"type": "Feature", "properties": {}, "geometry": {"type": "Polygon", "coordinates": [[[142.23690900064992, 27.049700080594278], [142.22184972798266, 27.053149081365063], [142.22940367074284, 27.03595025230237], [142.18574416286287, 27.040398999714114], [142.1952953829756, 27.061395135177406], [142.18178852092353, 27.074377775214202], [142.20835775600574, 27.083280666869314], [142.1829796370007, 27.10313200044152], [142.2187541373936, 27.101149251636684], [142.23690900064992, 27.049700080594278]]]}}, {"type": "Feature", "properties": {}, "geometry": {"type": "Polygon", "coordinates": [[[142.1461537742773, 26.693778999801054], [142.15232241214972, 26.68368766665253], [142.16861486398489, 26.68988446769407], [142.1640552526478, 26.660427945693186], [142.18915605670668, 26.65930302691322], [142.17121425363496, 26.643389278692325], [142.18109980481222, 26.628482531943348], [142.178475162199, 26.607566197821825], [142.12308839231548, 26.714097945763626], [142.1345777818392, 26.699353333289764], [142.165030609675, 26.70256982873468], [142.1461537742773, 26.693778999801054]]]}}, {"type": "Feature", "properties": {}, "geometry": {"type": "Polygon", "coordinates": [[[132.11680469538044, 33.87835616180746], [132.04455377373768, 33.90932694608176], [132.05593055824875, 33.913188359755054], [132.05146574624723, 33.922847774605145], [132.02512636798758, 33.90173641440407], [131.98086538273128, 33.92966594602666], [131.96547389060765, 33.91835919801861], [131.96296408602382, 33.94587886541734], [131.86152683469572, 33.98812899985353], [131.86417102497285, 34.007050748293466], [131.83065880695847, 34.01099010800715], [131.79468306077467, 33.98773066673692], [131.8167905838185, 33.96954389193712], [131.7781427503877, 33.97387022543063], [131.78271313920004, 33.99520661309475], [131.82760975358735, 34.029383467872776], [131.80234021962553, 34.04323186455895], [131.78109542161644, 34.02751127902235], [131.79691286593606, 34.05914191926422], [131.73723351501474, 34.045688567773254], [131.73364003905658, 34.04887814381135], [131.7388741374316, 34.055257332759766], [131.7613763036735, 34.06788219820493], [131.7417297538251, 34.071950658296316], [131.69777778191917, 34.04648722510541], [131.63456169866356, 34.046871152881465], [131.60987463040988, 34.0207918558595], [131.5994237348176, 34.03860921614245], [131.58277845248872, 34.023832733465106], [131.60146172537839, 34.01489612625528], [131.56735416336403, 33.98629837766805], [131.55777859860348, 33.997828224992645], [131.56817572013347, 34.003609468202455], [131.56800747136776, 34.012714648862016], [131.58177958486, 34.01965125200371], [131.58267920495655, 34.02367194736203], [131.5391811277069, 33.99749395508201], [131.50908304824418, 34.00361151416013], [131.5087447205924, 34.02292750470065], [131.47523101328366, 34.038269904545146], [131.46556477259628, 34.02751702658958], [131.47971914382344, 34.01225944082057], [131.45517999965728, 34.003852775285395], [131.46091596559938, 33.987826225100264], [131.42410503162193, 33.98919422523335], [131.4211419462439, 34.01563135979944], [131.39563243808664, 33.984877251883745], [131.41712941588992, 34.021302305656945], [131.3944447727082, 34.02553835980751], [131.40432092057404, 34.0425333062671], [131.38463674399065, 34.050000000399734], [131.37793516157853, 34.00790753240676], [131.34772547265254, 33.9807671082155], [131.35578822304808, 33.9664189996372], [131.26842949412594, 33.92288769371214], [131.24206836576252, 33.919767612785165], [131.2559322442777, 33.93192658624304], [131.23255128391463, 33.92708180168387], [131.24887450065773, 33.942938414176524], [131.23900533063158, 33.95143425198921], [131.21532577196683, 33.936720279417386], [131.22719011673053, 33.94477127927115], [131.2332206610048, 33.954019053736374], [131.2260763036785, 33.94671080216182], [131.22771199691124, 33.964320053927395], [131.22397406015477, 33.949048107783995], [131.2089209082734, 33.95892815331166], [131.21049130982612, 33.944501468268186], [131.1808845272992, 33.93036174789643], [131.15772199697267, 33.95330977462646], [131.17327933937008, 33.96937244068562], [131.161036692989, 33.97386808144688], [131.1700761089254, 33.99686030625816], [131.15597050613405, 33.9888084682363], [131.13418749715538, 34.00429528759747], [131.1334337996302, 33.990464468160724], [131.10033194586265, 34.032867748148135], [131.0474386641631, 34.04228205367389], [131.0368476389075, 34.0570821075533], [130.99675771739476, 33.989763999708885], [130.92836761317483, 33.93842380221673], [130.91435488966647, 33.94047849498662], [130.9198881969828, 33.95273630573598], [130.91351250604598, 33.95340560649844], [130.91766977993643, 33.9508714139846], [130.91287280243796, 33.94271880243082], [130.91468544717566, 33.938342748119396], [130.9283543841476, 33.92631346769241], [130.9109399480202, 33.911138919025916], [130.91002286616242, 33.926291107848385], [130.89927721057484, 33.92019610826384], [130.8745048641083, 33.94638953195141], [130.91158265375333, 33.95360819655867], [130.9120653308504, 34.05914453179474], [130.8883625552878, 34.06535430555681], [130.86038766455908, 34.11081238738183], [130.86667727563588, 34.13681025169183], [130.90064938985756, 34.13868191893545], [130.89588141369632, 34.153132224672504], [130.933537665431, 34.18905625174466], [130.91624080397003, 34.21495469420381], [130.9214732808673, 34.239735333319004], [130.8668613623621, 34.28782902678819], [130.8975976394196, 34.31728016185002], [130.90095941584445, 34.36296474782489], [130.92768722388632, 34.3413234684034], [131.0008616341571, 34.37403780160332], [131.0358968351709, 34.371268387026475], [131.0166799220408, 34.40475689171723], [130.9585471343429, 34.40792966662087], [130.95508197095626, 34.38891963982957], [130.9346132168265, 34.39241197263448], [130.9736831128854, 34.44218482896673], [131.0198768608285, 34.411000559128524], [131.07438069970954, 34.42457797299511], [131.1127900518195, 34.40923894642032], [131.13193878104994, 34.41781289215129], [131.15584197142994, 34.372455793400206], [131.19866494163387, 34.39758373000518], [131.21532736736413, 34.370832467644334], [131.22535669315698, 34.39328830621042], [131.30634644583188, 34.38282605397927], [131.33726713427086, 34.418209279135], [131.41253719783344, 34.42515510842156], [131.421049273805, 34.44183755935592], [131.39608263330695, 34.448283558939124], [131.3973314786649, 34.4604534411734], [131.41682472108403, 34.449127161689205], [131.44227661507375, 34.484400864708164], [131.46494810732256, 34.485637236928554], [131.45538802903434, 34.52550258557591], [131.46682581096252, 34.538389748188365], [131.50404749679456, 34.53393472081075], [131.5397074973032, 34.563911666989895], [131.55701722356605, 34.61553972128115], [131.60712082986242, 34.628214440643944], [131.58900221827787, 34.63336027865398], [131.59948306129434, 34.657767774663114], [131.6399063938651, 34.66166472055045], [131.63821805431985, 34.64599082871382], [131.65043082971908, 34.64088749536165], [131.64592888471032, 34.65320999974176], [131.67484805369475, 34.66470055928346], [131.6678866670361, 34.67599527885909], [131.7391686123417, 34.674555558692134], [131.84930596629738, 34.71133441385217], [131.874352502566, 34.74221361296793], [131.86477306082816, 34.755505829330616], [131.94700619997616, 34.79335310785967], [131.95468832670497, 34.81640472120097], [132.0074957195519, 34.84677333292302], [132.00795916987988, 34.86822308103041], [132.03595202276767, 34.882069027064006], [132.0566671335814, 34.872854414199935], [132.06346588774056, 34.905072441240236], [132.1124601434209, 34.95314338725757], [132.14559995549808, 34.96320597472349], [132.2346251878023, 35.037603972645286], [132.3037114788018, 35.05294994558358], [132.32395722444642, 35.08947694560459], [132.38758435813168, 35.12978553187685], [132.38143717268747, 35.14645635997306], [132.4176407782993, 35.1907044408573], [132.62911364507875, 35.28837589173406], [132.67475486394585, 35.37247935993457], [132.66874055783057, 35.40287461317291], [132.62314749675966, 35.41815722527576], [132.6290925029167, 35.43512750513031], [132.68660111524935, 35.440658892394026], [132.6848061089148, 35.4517286132849], [132.75343202256988, 35.4475639733987], [132.7591992480469, 35.45647841414757], [132.7267697283404, 35.47061805358038], [132.80052639387804, 35.48350083829308], [132.83173861194746, 35.505201946013074], [132.97137027202052, 35.515973054213134], [132.97115985674202, 35.54465022462824], [133.028186667181, 35.53842917066976], [133.02869861165163, 35.55565138660228], [133.05996527917432, 35.56465444114957], [133.04770027204995, 35.57803917077115], [133.0982063159688, 35.58010281089605], [133.08391027184166, 35.60089944075662], [133.14044972797262, 35.58098250523847], [133.12993639424928, 35.57716583823287], [133.14180527879068, 35.56072250533941], [133.16118055803634, 35.57202972099486], [133.1920180537902, 35.562193333055916], [133.191806667244, 35.580272774668856], [133.2116816601805, 35.56715333335973], [133.21714527903146, 35.581600279229576], [133.3267930609511, 35.56743222481737], [133.24460732806696, 35.54911106262437], [133.27175267214818, 35.5522902253137], [133.24454924774966, 35.53512155861307], [133.26058496832172, 35.51973258638981], [133.25103866390327, 35.51531636026186], [133.28878038900382, 35.48063669362858], [133.37405425380086, 35.45629233272501], [133.42348644604272, 35.4587042523994], [133.44735444864898, 35.4948975050159], [133.56386605697298, 35.5306818017238], [133.66878700401708, 35.506599666941156], [133.85514980461983, 35.504517694136325], [133.8509492335664, 35.48576994865107], [133.8555947208198, 35.50451380187053], [133.99512111524734, 35.5232073329521], [134.00778433228118, 35.537906170833196], [134.03375625204944, 35.51848525189291], [134.1961030612074, 35.53271202663876], [134.19162133565612, 35.547052667246874], [134.27133961063464, 35.559879279405266], [134.27753452669708, 35.57271602692316], [134.28977355420625, 35.57440689176468], [134.28586627780658, 35.57908602659887], [134.28775438375783, 35.58131310771381], [134.29675400829092, 35.5801410266871], [134.29386014283136, 35.589387721066544], [134.33510658889804, 35.59238236005791], [134.33974075223398, 35.60825366657349], [134.43342938995443, 35.62068258593263], [134.4386713879743, 35.63577583768483], [134.45267649782215, 35.62876835987197], [134.53879832708117, 35.6703839191826], [134.55988814492207, 35.65049630605972], [134.60659036325467, 35.65587358639692], [134.61630014283742, 35.63927533269049], [134.66382830123518, 35.66679735991028], [134.6626365889075, 35.648134865331826], [134.6882602201331, 35.66545589157619], [134.69642632871216, 35.65392955880213], [134.707586887425, 35.66691400018101], [134.76086620041485, 35.66247166673406], [134.75655297004357, 35.6633879733763], [134.76380321714487, 35.67470664009943], [134.7652066145937, 35.66068844061908], [134.7996015046058, 35.670272468000064], [134.83922836609634, 35.65575055914104], [134.84065053239624, 35.642441027231655], [134.85233050624788, 35.65961472114253], [134.93141461709092, 35.64833583772878], [134.9857451746002, 35.692784170653], [135.02556836618726, 35.689509694117135], [135.06171153016305, 35.707875918738694], [135.08575846997746, 35.73987346798623], [135.2069143320308, 35.76388302658046], [135.22359236099874, 35.779108802429334], [135.27460055756978, 35.742740837619635], [135.28617277555327, 35.70512750513029], [135.30864138808965, 35.693593054176176], [135.30275221814043, 35.66211527889703], [135.28712360626946, 35.67575944134518], [135.26521130985418, 35.66490025174528], [135.18737089485103, 35.547404748230576], [135.20565133584057, 35.539682532423], [135.20423486404775, 35.5596301707958], [135.25445730226272, 35.59967936021434], [135.25068933894192, 35.57082605397926], [135.2748442540592, 35.560180197957834], [135.24462418875532, 35.561228532271], [135.2447313357826, 35.535585134846144], [135.33181841818555, 35.51601780178021], [135.31671282683556, 35.4511549186646], [135.3475053052257, 35.47526486498157], [135.34744405959577, 35.49445917095403], [135.39822072570598, 35.478885441110265], [135.3950962264098, 35.51687138700498], [135.38003516229298, 35.50239391904415], [135.3435004667732, 35.504097693653705], [135.33867488993428, 35.54776846824029], [135.4267866409907, 35.5665132247056], [135.43410250262843, 35.590807505062344], [135.46262972817942, 35.6037516667061], [135.45118219220444, 35.56871572105376], [135.48659963656405, 35.55793633279558], [135.4604845780009, 35.548456892071954], [135.4862299216736, 35.556922170921496], [135.46875077842571, 35.53033163989329], [135.50203975413137, 35.52410558570426], [135.49903994763554, 35.5537524411223], [135.51631133579963, 35.55130464029696], [135.50716936387505, 35.50624200026817], [135.5189374191267, 35.493799440891564], [135.57472114076813, 35.493276306156645], [135.6609190787525, 35.547672080702], [135.66948933906178, 35.52459697257228], [135.63095338489086, 35.52217874775107], [135.64204824902754, 35.50687899996592], [135.62685416258955, 35.48867358581737], [135.59220421495263, 35.494580225097366], [135.5810124767445, 35.49005333289506], [135.64408588795345, 35.48035725178579], [135.64848033699798, 35.465047972985644], [135.66243391659202, 35.493714775116814], [135.71963138777835, 35.485040386804485], [135.76476814543366, 35.53548913491568], [135.71793817120965, 35.51975435987583], [135.71678211430321, 35.540743774705504], [135.68862097307954, 35.54624127911177], [135.7146443844308, 35.56986544133707], [135.74987914410724, 35.56660766701026], [135.7570704667287, 35.54325825216665], [135.7700171725545, 35.5438796396337], [135.76593330707658, 35.55730627856195], [135.79893525335933, 35.52493686504431], [135.8343094682075, 35.53724750466864], [135.8013928271173, 35.571400171280914], [135.81166425400215, 35.5770007209066], [135.8365143063902, 35.561981864671395], [135.85751202286167, 35.58952246828733], [135.81275413699393, 35.638969054178574], [135.83943472073588, 35.63480319840892], [135.81464289225573, 35.64224963980911], [135.846211115051, 35.635454305771646], [135.8676168872097, 35.60814069373805], [135.90693136199286, 35.62529074806963], [135.92622128388518, 35.61017366698121], [135.94992243797014, 35.633875197882105], [135.96234678337737, 35.62245283842782], [135.9824236057649, 35.63231350536404], [135.9631555248077, 35.65673010790823], [135.97272411172844, 35.70771325206499], [135.9558276653146, 35.70292446828961], [135.95448717274485, 35.722719468328876], [136.0167813097097, 35.76366222503174], [136.04434652417285, 35.705456198344905], [136.02546705556028, 35.68053174774201], [136.04483094669092, 35.658193559385325], [136.07262727612795, 35.66110680163763], [136.057960220288, 35.664237721193956], [136.07429352832378, 35.667396919032626], [136.06337778215902, 35.679505748091856], [136.08611299601796, 35.68471033341518], [136.07848021958648, 35.7034026126405], [136.09865658883052, 35.72576733279624], [136.08568691342043, 35.73922646782728], [136.0983102203404, 35.765238413721875], [136.11287339998336, 35.76516197040178], [136.09665133629017, 35.76740508107969], [136.07097783405982, 35.82413153234438], [135.9936542279603, 35.88759207201656], [135.99736922211196, 35.934812171244744], [135.95851044100414, 35.976119252301714], [135.96437291817574, 35.99751420741478], [136.01059496778362, 36.033281720974685], [136.02768739265912, 36.09567517097241], [136.09130491618896, 36.15098833314511], [136.112481802793, 36.20539355866583], [136.12765219209507, 36.19008758577354], [136.1339874707453, 36.20383033280365], [136.11855591382448, 36.20051417089235], [136.13499910462508, 36.22144941415917], [136.12226680886624, 36.24916505372431], [136.18118880741758, 36.25071341379305], [136.2433726326409, 36.29523577531086], [136.2585944226945, 36.28932086496599], [136.24290130964778, 36.29682597274052], [136.29934678302766, 36.35235691923651], [136.3724819972465, 36.38321763998215], [136.38322311305626, 36.373197359570554], [136.37233083020374, 36.38341381989193], [136.46425747120543, 36.47146008141766], [136.47888527883265, 36.46590672101843], [136.46510203623006, 36.471799883058225], [136.47748980531037, 36.49010880197966], [136.611675966073, 36.64007044109803], [136.66941857300878, 36.7010290542475], [136.6870542279703, 36.694493865299705], [136.66950160831266, 36.701669748360246], [136.75793241185136, 36.86610728792107], [136.76766866387777, 36.9033024140752], [136.7493504801406, 36.92891027029282], [136.7701158369764, 36.99282635974873], [136.71909130961626, 37.058940802376185], [136.72740399509837, 37.13519805444673], [136.66944031142134, 37.14990597278245], [136.67973596604202, 37.207004720891234], [136.7338791048369, 37.279499613316545], [136.72251136210969, 37.32486430594304], [136.73752111540716, 37.34808486502453], [136.7541330873721, 37.34667525236108], [136.75638839191083, 37.36487844068756], [136.86838360581885, 37.40705336032437], [136.92593655023165, 37.39530480237477], [137.02948730189757, 37.43278713511825], [137.11056413682547, 37.48672410793131], [137.26364072623858, 37.531237747823866], [137.32779527902892, 37.52929963956677], [137.34607916981793, 37.51535658563796], [137.34021334626902, 37.48271576572006], [137.360470349627, 37.450616018414564], [137.26768337218994, 37.43711317992938], [137.2490114005558, 37.42074563110606], [137.2391135760066, 37.373197068182655], [137.24885778196108, 37.35406502657975], [137.26625625242423, 37.35796880191873], [137.25247396939824, 37.34035289157276], [137.26761238690221, 37.3362342250295], [137.2397047726572, 37.30278755859899], [137.23049849470988, 37.311973865301695], [137.23404158165374, 37.29470464000718], [137.15113883339052, 37.30666733283118], [137.1545313360524, 37.29517844063258], [137.0985174707048, 37.27872977475937], [137.0578062516572, 37.207933252017995], [137.0255836956311, 37.20470925173066], [137.03409177681408, 37.196751748094755], [137.00618258066163, 37.18351594620401], [136.94602780763728, 37.216317081068496], [136.9638639430666, 37.23573122541575], [136.94321503224796, 37.224347640231485], [136.92432396867628, 37.233831919307704], [136.9323365503916, 37.220543865007414], [136.90630260707974, 37.21793622497688], [136.92329997361492, 37.214403505417465], [136.92845955866176, 37.202466667203], [136.90634795089727, 37.20324246826533], [136.91288386469864, 37.19440291855989], [136.87321933870157, 37.145729441160825], [136.90079094734438, 37.137003170959645], [136.8928815556393, 37.11075130572823], [136.867441556083, 37.111227414014024], [136.85985968937325, 37.075660306278166], [136.8878490528915, 37.06832483762122], [136.9154857463701, 37.09179236042917], [136.9857600256048, 37.04796110811867], [137.00515464297246, 37.05709497265491], [137.0218238909598, 37.10152553227755], [137.05770722370949, 37.108830720761205], [137.04558713423887, 37.0377003058245], [137.0566256684399, 36.967913999631435], [136.98487372214458, 36.8767531349493], [136.9911090663304, 36.85372119787502], [137.06814896240473, 36.79391057741128], [137.1142139427193, 36.78209358555057], [137.08698255480112, 36.7757884683632], [137.11128749662078, 36.76198913509057], [137.13315858609997, 36.75688789176286], [137.1183191050427, 36.76650617072323], [137.11901316492572, 36.784089774723384], [137.17988943835783, 36.75588726405072], [137.23086503229547, 36.76663310823142], [137.30106671915382, 36.755666613323626], [137.38194175071123, 36.800397945808584], [137.40423327607593, 36.7723574861756], [137.38226477280114, 36.800361730109785], [137.4089526068774, 36.86021527881212], [137.42995788574785, 36.8486330270926], [137.4096402977616, 36.860983648776426], [137.40891627786402, 36.89725002706717], [137.43552769115013, 36.930949027076], [137.5876069387093, 36.974814531865206], [137.6515363938895, 36.9690203869813], [137.6349847466488, 36.97979794601844], [137.9121944487149, 37.06078291879669], [137.99928841812607, 37.115658171387565], [138.0487161614218, 37.12790910771918], [138.0497445271883, 37.136961053909545], [138.1016967187287, 37.17406997285104], [138.15163294410513, 37.161130973315835], [138.23145625180462, 37.17405577525386], [138.2566443836315, 37.208306973388176], [138.2464441632676, 37.186525747765074], [138.2493965242303, 37.18251246827583], [138.27574929969046, 37.198242666665806], [138.27346111503846, 37.21523205441582], [138.28373916992678, 37.20294750502342], [138.43646267201473, 37.32472127866413], [138.5429730871383, 37.38325689159234], [138.5305453827633, 37.365281252427906], [138.5437870563277, 37.36848027944137], [138.61738693855648, 37.484130748235486], [138.657993061031, 37.52249150457931], [138.6769686390714, 37.522123402145155], [138.66021530469266, 37.52352400003264], [138.70928094675833, 37.555527504590714], [138.74840191981286, 37.60602258577376], [138.79071733915342, 37.70545321924705], [138.7923939169458, 37.74418180204856], [138.83087019480377, 37.810797837949906], [139.06875431905667, 37.95886872081485], [139.06218167334566, 37.94568246797155], [139.06970435836956, 37.94401844069853], [139.20197763865713, 37.98294127871708], [139.23155801618952, 38.019775378331076], [139.2148345525726, 37.99375086531023], [139.2320557054458, 37.96355442962639], [139.2454809729686, 37.97211489188879], [139.22553647233042, 37.991975027125875], [139.23631983109544, 38.01288889170905], [139.24744880741662, 38.00479166670209], [139.3032089227537, 38.04094021581835], [139.40862784995167, 38.14848446157728], [139.44978693911605, 38.23598258572781], [139.45021379962725, 38.36113835974754], [139.46745732769364, 38.4190365862695], [139.54822535701464, 38.53993155859462], [139.53910758764516, 38.55793310812652], [139.609782826916, 38.66913063956741], [139.69031863779492, 38.723141414344866], [139.76176718520753, 38.80024044983696], [139.8048487806468, 38.906100279204566], [139.7952507517209, 38.93574519838228], [139.80868944156452, 38.925369135377366], [139.8123986117066, 38.95098013472551], [139.8358725547746, 38.95599277504658], [139.81888697835143, 38.96052469355982], [139.87278177655776, 39.06960669399376], [139.86958985688648, 39.11825817127766], [139.9049193637377, 39.181374775125846], [139.89207591357263, 39.212887945922034], [139.90804316516005, 39.258793080736154], [139.93062647183422, 39.28920172128244], [139.9660840862117, 39.29513577459636], [140.01000105110768, 39.37220630607624], [140.0450320882603, 39.498698999659155], [140.06301880707235, 39.65355861283979], [140.05925256775186, 39.72066325220737], [140.0386756422671, 39.7595929457579], [140.05074116717117, 39.761235305664854], [140.0493200521787, 39.77410325156387], [140.04304119339645, 39.76199880220304], [140.027743165115, 39.76912424318931], [140.0423354216424, 39.78284989230872], [140.03404291784648, 39.804487586133234], [139.97013890213594, 39.88108631573321], [139.91036830115627, 39.90201189173547], [139.85851455300428, 39.89600941440301], [139.84691019504953, 39.87842150534823], [139.86124858555388, 39.86633172123203], [139.7552881058615, 39.85684719843948], [139.73492408587788, 39.905351775064446], [139.70568489044535, 39.928061720671906], [139.7017179773029, 39.94224958624943], [139.72106189359158, 39.954894171129126], [139.69423116713472, 39.97949644140772], [139.70175031062843, 40.00680822511953], [139.72335141373685, 39.981675441168704], [139.7936807782454, 39.95769753241524], [139.8727386378779, 39.988770747671936], [139.97257797739178, 40.1251433869578], [139.99262406005244, 40.17984086516384], [139.9780857457606, 40.202367108055626], [140.02556688670256, 40.21674450485506], [139.98339058390843, 40.21110061330273], [140.0047887549971, 40.22424233261762], [140.01564508385366, 40.26444722525929], [140.03029033742916, 40.26307213487115], [140.0156637609739, 40.26446180237036], [140.0249344231852, 40.353720413866085], [139.9363097797726, 40.42820383773699], [139.950009078756, 40.49579741421934], [139.93332335878608, 40.56575155908723], [139.91843050566342, 40.58579410831152], [139.86913411194973, 40.58398338722361], [139.86008152993872, 40.614146558716754], [139.90239836619173, 40.64581400011605], [139.9287513098252, 40.64254397342569], [139.99940900062495, 40.74750605366148], [140.05429027237824, 40.769050468004764], [140.12274752268013, 40.74258002704664], [140.2499330872422, 40.800467279141685], [140.2920944486999, 40.88456419757972], [140.32411160766458, 41.05571850460535], [140.30977413716676, 41.10924610782166], [140.2486723870211, 41.13376480230386], [140.30336496841858, 41.1313058651736], [140.3217321661067, 41.148011387315705], [140.32993408568962, 41.22982735974489], [140.35292680872533, 41.24662433304661], [140.3391683658275, 41.26024564012425], [140.39384275034274, 41.23885902712243], [140.4614884704166, 41.183204585723104], [140.48873722424355, 41.18517597339252], [140.55029180282452, 41.22955883836977], [140.60415513555108, 41.214374306329205], [140.63930564224165, 41.18426527941915], [140.63152208817394, 41.097938251848916], [140.66398058403684, 40.93610780193359], [140.68685978025474, 40.867577360306996], [140.7329411147407, 40.8302134412973], [140.8044583658609, 40.84080558620889], [140.8599380033362, 40.888387360388435], [140.85584033686212, 40.903883946387054], [140.8724725031036, 40.90084055874485], [140.85891569360444, 40.90395281107345], [140.87119741912568, 40.94518794636667], [140.83811555099192, 40.95344833267444], [140.86268241226355, 40.95747302725846], [140.87883697824407, 41.00985266656738], [140.94870939002635, 40.99235477515282], [140.984480725705, 40.959610080840605], [140.97237894912928, 40.93438083830512], [141.05477160822318, 40.91706100006513], [141.10216830102638, 40.87275483826522], [141.13122291780348, 40.87236269428297], [141.18959180271963, 40.91789872124906], [141.22098718481084, 40.971406242604075], [141.2484208950084, 41.1101940274325], [141.27859130964134, 41.16092222458104], [141.25467652430223, 41.213845441114245], [141.19798447480377, 41.27233253202081], [141.15735968869876, 41.27612953175253], [141.1332303368107, 41.24386266702851], [141.15649483766674, 41.2627871709912], [141.15431980481526, 41.24279661337306], [141.05559208760485, 41.182555080952284], [140.98032250338088, 41.1991367754419], [140.94537849542132, 41.17389125158007], [140.854550661384, 41.16142794574313], [140.81131316487074, 41.12757669410922], [140.76507405962025, 41.1445050538652], [140.80100766537157, 41.32804658588128], [140.82032844390267, 41.346009891743165], [140.83774325594652, 41.420366441058434], [140.86426169911817, 41.433865387277876], [140.88216452737106, 41.46819519785015], [140.89765538288964, 41.461278504799225], [140.8820045271873, 41.46838602679378], [140.90869503224997, 41.494504973126084], [140.90857347628491, 41.50777450498947], [140.9006314787598, 41.51125627885426], [140.9062133854394, 41.51387989174367], [140.89865830143947, 41.52193972114128], [140.89867577166956, 41.52402113456776], [140.8973301430717, 41.525915972843904], [140.89717566832246, 41.52697089199313], [140.89796936409493, 41.52920977491124], [140.91862041529998, 41.546808721345485], [141.00175669321686, 41.48581163969544], [141.0936807001043, 41.47145466739903], [141.21335709465427, 41.37472725196119], [141.29760058370005, 41.350436026601415], [141.40265671863267, 41.38321453182522], [141.4650480804047, 41.4295878653877], [141.39109289222324, 41.179387612948005], [141.39393922221734, 40.93677966744775], [141.37570688686344, 40.93513894610555], [141.40005320379237, 40.92622431470039], [141.3929281836888, 40.886623261054694], [141.4245654726185, 40.70680410842294], [141.48235662765626, 40.56886660381076], [141.5280940595933, 40.55873544058818], [141.49186553826405, 40.566209739388], [141.48749116658416, 40.5567876133577], [141.51462197072738, 40.55246644107348], [141.50452897473247, 40.54038441360984], [141.5345628273127, 40.52718180209854], [141.57598302239865, 40.54310372066021], [141.62182150485864, 40.50564141402009], [141.64657408602534, 40.47554322484001], [141.63138888488925, 40.47451338688336], [141.7146798048292, 40.42057899962117], [141.81614780757536, 40.27184925184156], [141.8354904414308, 40.21762494563478], [141.80727625189752, 40.21548105360779], [141.79889817131357, 40.20106150468473], [141.80571680858395, 40.198977666686005], [141.8126983400564, 40.18934491943253], [141.7940232810496, 40.190717197640595], [141.87656671867921, 40.14359261270897], [141.82778888484927, 40.11120799974947], [141.83339194628138, 40.07447735994225], [141.85494382589695, 40.05561242257528], [141.839301050603, 40.04045336023444], [141.86905286589706, 40.05324808063449], [141.95711335919418, 39.979378945881706], [141.96122105131053, 39.94547038674898], [141.94537111538477, 39.94588644100651], [141.93977491577982, 39.9195161710345], [141.9790958369034, 39.864915585785695], [141.9834788330818, 39.78891727910917], [142.00433500615566, 39.77583133304961], [141.98892724979282, 39.75683980171556], [142.0041559403444, 39.75159894583476], [141.97194599191403, 39.73177970277112], [141.98803155561188, 39.723264053793116], [141.96701958488597, 39.690255639586155], [141.98635833996548, 39.68526055942732], [141.9698722443087, 39.652954108345455], [141.9833419706555, 39.64704763993666], [141.96432204862367, 39.639853541108096], [141.97683191955753, 39.62885758620871], [141.9657882754086, 39.6352891076063], [141.9481063943947, 39.58767691925448], [141.95845561623378, 39.58617064026288], [142.01598542198974, 39.655121360262626], [142.02642311283648, 39.65516844067105], [142.0274292221809, 39.575048720921814], [142.05741683521887, 39.574435225005686], [142.07246557682492, 39.54687605398675], [142.05086511043658, 39.53274383755809], [142.05814805418936, 39.52256519822538], [142.03342435834747, 39.52937446815724], [142.0103758687126, 39.50115304771997], [142.01104252858988, 39.47665730608986], [141.9736266926178, 39.48244705418824], [141.95373185524102, 39.46661974790311], [141.97998114121674, 39.43918299979566], [142.00482430569718, 39.44522919766939], [142.03572994757906, 39.483459224963326], [142.06152477285002, 39.47145217128076], [142.03833405956925, 39.44649033316239], [142.03607786020518, 39.41849105371921], [142.0102221400398, 39.4264485051944], [142.00536535672586, 39.41044233274749], [141.9836493904071, 39.40838136001179], [141.97628360560395, 39.42765161283171], [141.953104112265, 39.39936485610326], [141.94118786043146, 39.40352600032469], [141.95332542193069, 39.399206305626535], [141.94353736715584, 39.37368541385081], [141.96651077815, 39.37785383808421], [141.95742372242694, 39.35597780233377], [141.9159587545929, 39.356090107872205], [141.89887635535956, 39.33636738724516], [141.91371817105676, 39.323942864671494], [141.9968835276527, 39.35083958607811], [141.9702844746489, 39.31299286512865], [141.89101263302666, 39.308304135427534], [141.92963975417138, 39.270506720708624], [141.88857783370008, 39.273662775416824], [141.90309814536317, 39.25673491928114], [141.89030549879976, 39.247442918855654], [141.97130075172834, 39.2476678923594], [141.94427435797536, 39.24173902723436], [141.94761736734768, 39.21698458626969], [141.86429272373027, 39.20305636036278], [141.89093325616489, 39.18118825213617], [141.9226387811549, 39.1811363063955], [141.83549700378376, 39.14463219771778], [141.92098075235992, 39.104466838373924], [141.8808019967148, 39.08393027895926], [141.86009916974092, 39.103990505257684], [141.81022330686017, 39.11000446783197], [141.8234302459092, 39.07522630564955], [141.8758773667471, 39.064885333291556], [141.81452046724587, 39.058300667242065], [141.8499614792389, 39.03685391927303], [141.83605089533262, 39.02459619755655], [141.80014213964807, 39.02424536033516], [141.79621325613698, 39.04327986487391], [141.75877243789773, 39.017585359876534], [141.733447522785, 39.0215907478148], [141.73873291759014, 39.063608224939685], [141.72197732839106, 39.065701837669735], [141.70954333325824, 39.02425600021428], [141.74401836635457, 38.996883774866376], [141.7415031388589, 38.98549555907283], [141.7106903762599, 38.99482165819302], [141.7176979511995, 38.98228863960907], [141.69643880720525, 38.96992758578949], [141.72842163365158, 38.9522676671192], [141.70390749693354, 38.938236585749905], [141.66597128444732, 38.981461359554146], [141.68137968922133, 38.998246171323785], [141.62753766503124, 39.002653387144164], [141.64404111490558, 38.95546794598897], [141.63134771662385, 38.95425866720376], [141.64826571978722, 38.941366107759734], [141.6341774451331, 38.93008761285313], [141.65315027236727, 38.91913127938511], [141.67463664086836, 38.85817546762377], [141.6370820233168, 38.885072973239176], [141.6383001945984, 38.90230808095322], [141.60471686089443, 38.87986789238937], [141.58681330688864, 38.90928540539721], [141.57500692612882, 38.9061779914212], [141.59371434544073, 38.88974876619267], [141.5831630612264, 38.84853727857262], [141.60368046688006, 38.82780873008886], [141.52041402109023, 38.78846200022116], [141.51166466888947, 38.767792828576205], [141.54639128373083, 38.733349027135944], [141.56509474692507, 38.73991605388284], [141.56180252856393, 38.691621972576], [141.5538065501322, 38.70877122471228], [141.52335713432433, 38.71641580204766], [141.51634341071986, 38.68934002742037], [141.49009604389732, 38.689653207329684], [141.4946823606025, 38.674009467962605], [141.44449252910704, 38.67353102683546], [141.44315010389425, 38.643335666807616], [141.52951652356876, 38.637180080796156], [141.52414997394226, 38.60916733310597], [141.45856469510466, 38.57848596415596], [141.49352800341467, 38.53306597311621], [141.53485655038958, 38.54701613528647], [141.53033786000435, 38.53208810787993], [141.54755846974763, 38.52385080177311], [141.53720752300887, 38.49015533340196], [141.51494416274295, 38.493018441148195], [141.51324252941924, 38.513249919048576], [141.4695762262619, 38.52120761334072], [141.46469880710436, 38.512085892350115], [141.4962223605736, 38.500492080745005], [141.49602831385562, 38.480048999561745], [141.47274564219765, 38.48217041393349], [141.49816111544317, 38.47949608107933], [141.47697766468752, 38.463166215648414], [141.51195111465233, 38.45286072064579], [141.49439425379182, 38.437110441293896], [141.4473903371944, 38.44389450502746], [141.47505058391732, 38.41988208119312], [141.46971294389732, 38.394273838267054], [141.50001852123785, 38.4159049733359], [141.49782335886096, 38.38896133339887], [141.5390050843173, 38.40091686492144], [141.53068997426294, 38.38152127898388], [141.512015939584, 38.39155713475401], [141.481432387195, 38.3757217480603], [141.5181123349164, 38.36849783760516], [141.53418464260722, 38.339836891859136], [141.52466786023365, 38.32543533297428], [141.54101503221807, 38.30804274767473], [141.52330538283718, 38.27153927931437], [141.5090550323639, 38.296715333246084], [141.49165739287446, 38.29389272107227], [141.49553289172968, 38.30703769413435], [141.44947130995308, 38.31525327891575], [141.47423163428255, 38.32930858622234], [141.4622841373032, 38.35148458634461], [141.41578763888845, 38.34604264025569], [141.45885826169945, 38.37299114372638], [141.43178847026172, 38.37367527869122], [141.43109588796494, 38.39921197335394], [141.41460413737116, 38.39146766659957], [141.40839533127962, 38.404004251894776], [141.37317849509157, 38.383265198430195], [141.36374933906086, 38.41188455862556], [141.31716788618905, 38.411534198044876], [141.3241068347627, 38.40228638670743], [141.29292933861814, 38.41342310799007], [141.29476961142848, 38.400133612975935], [141.27546946784173, 38.409550135330505], [141.2741245011449, 38.409151505437706], [141.27419739299535, 38.40797277482375], [141.26442221831076, 38.39772244063818], [141.27485005168865, 38.414449864869425], [141.28578749669566, 38.41617761270669], [141.26660255536365, 38.419386694140655], [141.2668205582222, 38.407533973114425], [141.17417994814616, 38.37552489186032], [141.15864155626286, 38.35354710771293], [141.10552085580287, 38.385818720857344], [141.11630919591278, 38.37614380169515], [141.1052446173453, 38.36803713470607], [141.0880149676167, 38.38172194561133], [141.06158185481877, 38.36906725235184], [141.06671024598108, 38.35238341376356], [141.03658522687417, 38.339749778054816], [141.05394705581205, 38.3306579191277], [141.0245721140119, 38.31994283779176], [141.04556316470837, 38.31863230613607], [141.03576461664386, 38.307201892353476], [141.03585731331992, 38.30544213252583], [141.0774355247297, 38.318660586217106], [141.08784924774466, 38.29563389219044], [141.05003836567812, 38.27655240526934], [140.99891844363128, 38.2731088022295], [141.04688871594158, 38.26464086498396], [141.02323175094466, 38.2641272792506], [140.9648750320572, 38.17438002741636], [140.9402623089585, 38.18602258587367], [140.96757321673067, 38.17046774808813], [140.92829360596522, 38.09086558637779], [140.9229580802513, 37.9165724412652], [140.9315366673834, 37.90400586537845], [140.94641050613996, 37.85320841413704], [140.9497925029217, 37.858146134636456], [140.96241652390347, 37.860869387012656], [140.96778632907592, 37.85941519765328], [140.94937527864624, 37.8552505047071], [140.95511839239998, 37.838558774567844], [140.9623319714434, 37.83039874810379], [140.96733894873353, 37.84397153226047], [140.9630342538278, 37.83144205430739], [140.98087758833015, 37.825676918854754], [140.97750888532687, 37.82858325161584], [140.9765441367026, 37.83726341357573], [140.98735352814288, 37.82273053208843], [141.01482175072329, 37.67445619829499], [141.03213002637972, 37.673327837809495], [141.041004189192, 37.66497683761099], [141.01906994841943, 37.671762747652735], [141.03307355370157, 37.66694936022486], [141.01922221803102, 37.6584521077786], [141.03479355387947, 37.513774640387396], [140.99392224381654, 37.50816000018392], [141.034583722261, 37.51373022467021], [141.04586073868222, 37.47972609008701], [141.02532293100853, 37.32461771183796], [141.03858942855936, 37.318944035638765], [141.02534452732812, 37.313426134608505], [141.01297583736505, 37.241047440886746], [141.00089342009767, 37.24408754257488], [141.02106527873968, 37.229257387318626], [141.0287827497242, 37.237971747797985], [141.02243058360466, 37.22906266700852], [141.01232150503347, 37.229132467889144], [141.00043408636407, 37.18364258603657], [140.9688164197421, 37.1892290001183], [141.0011432557567, 37.18338674780023], [141.0055769781951, 37.14454225242304], [140.97776552485914, 37.070997945598776], [140.98301603136485, 36.99551697302991], [140.9249722828447, 36.93531972142807], [140.88498513585535, 36.938359197918714], [140.86495936438325, 36.91614605399724], [140.81656588820522, 36.908287640362346], [140.79307260701523, 36.88163902661984], [140.80556666696816, 36.83077880180031], [140.76848661536508, 36.81832897320362], [140.74845191992029, 36.784364333247424], [140.7166173017472, 36.66168738666363], [140.65284328089274, 36.57294113512535], [140.62831547268104, 36.49515899978809], [140.61148641966258, 36.48482455920612], [140.62818406014628, 36.48365189182141], [140.6023463552002, 36.48254013461957], [140.61588158186953, 36.48088613478734], [140.60889055805285, 36.441056585892795], [140.60941247690437, 36.44042891935919], [140.61518450116387, 36.44176480200406], [140.63288533089337, 36.44151555939561], [140.62720325592556, 36.43119758629962], [140.61002910515913, 36.43130055867391], [140.6081066406091, 36.424458171207675], [140.61011757506606, 36.42719475693252], [140.62358102504436, 36.42633566695753], [140.60865511014526, 36.41354664016535], [140.62735788625753, 36.37713372094453], [140.60375719813624, 36.33776725185726], [140.56266299560082, 36.35065317070729], [140.59790503169188, 36.33544095483626], [140.5583918157298, 36.285478278599726], [140.5744319195975, 36.175155261406246], [140.6092420922637, 36.0816742517687], [140.66756571968233, 35.976368171154206], [140.67833116665008, 35.96746830571777], [140.68074066085285, 35.97243927864986], [140.68258150473275, 35.96853197257252], [140.69349644600425, 35.969106739184724], [140.70089102530062, 35.96254503642433], [140.68489664116714, 35.964434027308585], [140.70350883306628, 35.938676585955704], [140.6678327605153, 35.930462360498716], [140.69341428034488, 35.929395747915464], [140.6541039946037, 35.925424359746444], [140.68687688715863, 35.88100880171487], [140.6772843324061, 35.912237838005865], [140.71155011664462, 35.940642504847744], [140.7078782234014, 35.921359225348], [140.8253424377034, 35.760454918859466], [140.84278730239214, 35.74648830629036], [140.84877907869156, 35.7478707477369], [140.84517158230278, 35.75677272118418], [140.8466856943893, 35.759952793186926], [140.8494557456862, 35.75055564043049], [140.84887286628987, 35.7478376940544], [140.84767150513596, 35.74667517102239], [140.87208138794574, 35.73996183806844], [140.86091247722914, 35.74988769416183], [140.87178953276077, 35.74120544127817], [140.881634720566, 35.73087940486067], [140.86779824889015, 35.73804127918174], [140.865909143792, 35.692526801770555], [140.8308646689694, 35.71358594643431], [140.75563194615745, 35.702970586423476], [140.7285271980718, 35.68402225222519], [140.7370169780512, 35.69188502667271], [140.73519635542755, 35.69548255857325], [140.71739505793562, 35.69994146832414], [140.66042313941637, 35.690163000322286], [140.49494664097472, 35.5759618375688], [140.43048178970287, 35.49813874800486], [140.39703273737098, 35.41876833259255], [140.37502888487322, 35.42381275363116], [140.39806830131113, 35.418058684760524], [140.39259424133127, 35.38316339577415], [140.3867283656216, 35.38614838683861], [140.39765117955835, 35.33050550532488], [140.3875371079513, 35.33478553182687], [140.41483665368867, 35.30904363075899], [140.40584919608364, 35.239947333003045], [140.3843630865872, 35.18749338721011], [140.35308133563524, 35.181954333225974], [140.32684961072107, 35.139366532139775], [140.3102017252295, 35.134714198001916], [140.29809338540144, 35.15096558589312], [140.28618111486662, 35.13430238674579], [140.2577750576728, 35.137923279435824], [140.20055968907843, 35.1098437750702], [140.1917905841682, 35.12721480182171], [140.13266094744483, 35.121090864751636], [140.10864800290312, 35.10688858573968], [140.10228683456978, 35.07653246829881], [139.980248223177, 35.01005941381095], [139.96501121929236, 34.94289941397682], [139.92815177678312, 34.90934346822655], [139.83687211435665, 34.90297994636751], [139.82422125760502, 34.91115745924941], [139.8526729697818, 34.914677467790966], [139.82451739266355, 34.9112622068854], [139.81732381274378, 34.93999371164051], [139.75336261958932, 34.96530969378739], [139.75531062308687, 34.978277270179944], [139.82108918331926, 34.978990179852985], [139.85838293092763, 35.00048262237516], [139.8509190139015, 35.02429847689325], [139.8104312449061, 35.03744497340682], [139.83269491633735, 35.04536046791134], [139.81925717258048, 35.06570461287765], [139.84185000037724, 35.08310699988817], [139.8235761352305, 35.10089091888085], [139.8392992739424, 35.131052774665875], [139.81660457813882, 35.15478958597066], [139.85501618462646, 35.16406268003781], [139.81772875497813, 35.15513430600345], [139.8156576909497, 35.17235894560889], [139.82978783444105, 35.20323880212908], [139.8670468349435, 35.219694251588464], [139.8687553049134, 35.24254363977718], [139.84690722368953, 35.29084235978712], [139.7839052923954, 35.312837485561545], [139.8197715560126, 35.31648705403438], [139.81578788580237, 35.320036613399054], [139.82206891105147, 35.32691366703216], [139.81876817071452, 35.3311585318408], [139.8200444229119, 35.333655801673956], [139.8233038645817, 35.32606553169899], [139.82133408579944, 35.323329026913086], [139.84027130977324, 35.33441041380962], [139.82147658877363, 35.34624394600138], [139.83746666695322, 35.35906508128852], [139.85942910506924, 35.348563134780875], [139.84589844425784, 35.375473891906665], [139.8979742278284, 35.358641639999746], [139.88781483758476, 35.37088805364084], [139.9185925805832, 35.38749461258635], [139.90060494176475, 35.40088686503685], [139.90325489040094, 35.43148383800877], [139.9501565146382, 35.43921458542347], [139.9510922833822, 35.45613817093988], [139.9647281711682, 35.45298269359648], [139.95514338475948, 35.44380330627763], [139.97446055790851, 35.44847219783372], [139.96569007793482, 35.46851399972138], [139.98202619994925, 35.47479186475283], [139.99336833987707, 35.45323946802711], [140.002479196158, 35.48252433283176], [140.02156649007355, 35.468581661459304], [140.0097501690351, 35.48619933323272], [140.03622596635535, 35.495293026851755], [140.02521861164962, 35.501636170972574], [140.04590858641222, 35.51139866701493], [140.03691988324613, 35.51753961296282], [140.060677638862, 35.53006458621172], [140.0663490532662, 35.55339025175874], [140.0960886899411, 35.535401585914485], [140.092311245068, 35.55447744128094], [140.11372202285315, 35.54812602699462], [140.1214345781433, 35.55189963985657], [140.09102518756242, 35.56447880175534], [140.1268948641067, 35.56767330607829], [140.1121134109053, 35.57045180200913], [140.11766936405002, 35.59655650487883], [140.08879710820008, 35.59483300004297], [140.10501924833966, 35.610706224812475], [140.08300542206268, 35.61389413530617], [140.083913644699, 35.59677969412763], [140.01826486383243, 35.650666027015575], [140.04175997424352, 35.67784819773618], [140.01965190710985, 35.65247782908858], [139.98746119337943, 35.65446753235079], [140.00294914408778, 35.659778440922366], [139.98586897517316, 35.663835837553904], [139.98450530527566, 35.690900585593624], [139.93277919610307, 35.67550519760681], [139.947662334749, 35.669545081040724], [139.9185259508762, 35.655951277410985], [139.93950655038702, 35.64048886526899], [139.90008511023973, 35.63167869371682], [139.8975852791374, 35.61661735980334], [139.84950968902103, 35.642629892055936], [139.85038140098095, 35.656526081413574], [139.84025416329905, 35.63389222474643], [139.82062946787573, 35.6297433598682], [139.83448036287848, 35.64406761302996], [139.80772116669857, 35.64555322470159], [139.79885605736126, 35.62176427879848], [139.77866566768648, 35.63736963959724], [139.79769396870176, 35.647863558756285], [139.77608610898676, 35.64203244094443], [139.7924186382096, 35.65293419815475], [139.7877657009449, 35.67007007647104], [139.77274369586496, 35.64604283810655], [139.7706507522305, 35.65493997320124], [139.76093433036425, 35.65832948020345], [139.74978422795982, 35.566625801839336], [139.7864665238111, 35.56998769427673], [139.80909866367244, 35.53861980176248], [139.77446404677835, 35.53222429731352], [139.79991342356573, 35.51049575667389], [139.7753384441139, 35.50995277480075], [139.75172710801974, 35.53328322474107], [139.7378636449913, 35.51471336033336], [139.7487711407756, 35.506844198001374], [139.73381208765784, 35.50060380232367], [139.7303108299809, 35.515295972631066], [139.73136810625317, 35.499063612595705], [139.71628916990937, 35.50619325161733], [139.69630099909193, 35.48404435975942], [139.68797551176056, 35.49530512633055], [139.69280077833332, 35.48140638739494], [139.6684178598964, 35.46782941419616], [139.67423243827648, 35.48417174782793], [139.6575804150042, 35.49771664041066], [139.66918105066497, 35.477498225163004], [139.62618229295327, 35.46709851331547], [139.66028077783574, 35.44125880225198], [139.67312105069595, 35.45089674758691], [139.67534610923565, 35.43158835991494], [139.69060321656525, 35.4392737206058], [139.66911014271898, 35.402587170961226], [139.6296976652152, 35.41335613517754], [139.64546693914804, 35.402930053679086], [139.62198359276863, 35.39534733261337], [139.65827302158277, 35.37854394624617], [139.65695333302995, 35.34193486510202], [139.62233355405033, 35.331944170587064], [139.66187321727523, 35.328268081107126], [139.6335233847965, 35.29564235990705], [139.66080377407502, 35.28288235963322], [139.67396730194946, 35.300577892355875], [139.69099486412176, 35.266484224867156], [139.7470108302856, 35.253491026789504], [139.71668038938856, 35.24611972104833], [139.72505900057251, 35.21134150490656], [139.6898660827536, 35.20871102659265], [139.65624830141803, 35.18452791862859], [139.67843189361702, 35.13989183783809], [139.60911691311514, 35.13984733308803], [139.61047953260436, 35.163246838370924], [139.63012516244635, 35.16359238667934], [139.61682454012055, 35.16530027928451], [139.61667255391794, 35.19124336018202], [139.59889944195572, 35.19481164014513], [139.62694591422257, 35.21673480216941], [139.57659077834182, 35.253081783997175], [139.57104652357827, 35.293220892130535], [139.53935269786882, 35.3094015591347], [139.49038570693494, 35.304746404722835], [139.4961041258935, 35.31759678457501], [139.4830124766445, 35.30432722532123], [139.43804483829877, 35.31914554982734], [139.33004294432646, 35.31211887418675], [139.20659680939525, 35.27651186533035], [139.14662308698598, 35.23964499981696], [139.1359694940969, 35.18256761330474], [139.1453608561187, 35.16843908139856], [139.14165338479597, 35.15219522532942], [139.16180725030438, 35.141581504782664], [139.11159324985252, 35.1413508602003], [139.0767966674323, 35.09772805360683], [139.06938133627966, 35.05403989242717], [139.09956082956865, 35.046087774830994], [139.09998138763103, 35.00886777522771], [139.0829325034324, 35.00096361308033], [139.09371693868582, 34.97797305381346], [139.14675666688674, 34.955156667146525], [139.14076306136621, 34.890883054009805], [139.07453037896857, 34.85176384086863], [139.0783336321914, 34.8195231887442], [139.04827028544537, 34.76816135086568], [138.9967541499841, 34.742979125786064], [138.97327262023532, 34.69007064014795], [138.987465733357, 34.65819661278351], [138.9580421921935, 34.65277134192394], [138.96413197121353, 34.67287234168526], [138.94824885929745, 34.673809766207796], [138.90481177714184, 34.62923098212417], [138.90156722374843, 34.64006138712335], [138.9047783916095, 34.62924567614709], [138.8911884313011, 34.634878026699596], [138.84341465636135, 34.600859612681006], [138.77666123193035, 34.64003375725213], [138.79020162070833, 34.66888566684008], [138.73910586344493, 34.69014737839882], [138.75498693929592, 34.746893891739774], [138.80410749666373, 34.77169361267016], [138.77565857328455, 34.76256902733877], [138.75249999997504, 34.800543053619094], [138.76601138831495, 34.80829500011424], [138.75116221796202, 34.82070055868388], [138.76912666686223, 34.82294082925591], [138.75980300940148, 34.842864667070785], [138.77588500638797, 34.85355889222916], [138.75862396942068, 34.86151258633686], [138.75286144020333, 34.86821619761946], [138.75607333291805, 34.883059613210605], [138.78934933860114, 34.90661325239972], [138.76217527886604, 34.97203500031509], [138.7771996632339, 34.97102091937995], [138.76882944182535, 34.98253499979046], [138.7872089746146, 35.03014869360737], [138.8913737743802, 35.01701808091974], [138.9073183396697, 35.048489721023884], [138.8860368088517, 35.04618080160276], [138.82640968875614, 35.1077675048665], [138.75252143981265, 35.1315101527714], [138.6855961216637, 35.144966748116985], [138.69802150488863, 35.13444769380607], [138.55612871626727, 35.10103448575296], [138.52369092099923, 35.04266944094201], [138.50843616090015, 35.04442463968542], [138.49298992164768, 35.02996483800695], [138.50068472072337, 34.98739877533325], [138.5157889109296, 35.020911999689076], [138.53313888455193, 35.01459144114216], [138.52665158180514, 34.99494091898828], [138.3558214785785, 34.91373535959923], [138.33382044066082, 34.867869721210695], [138.3243964458394, 34.872590865176335], [138.33784325566182, 34.82887163961453], [138.30187033694654, 34.77881030595091], [138.28869583734308, 34.781236801837], [138.30574888540275, 34.777689586105566], [138.29426311295242, 34.76737441439775], [138.2675392736187, 34.74905216212761], [138.24151583708624, 34.745478053969066], [138.19539574631665, 34.66464810812374], [138.19735102532957, 34.632790225388646], [138.23426603065286, 34.60390289240462], [138.2253872759021, 34.59503697277813], [137.97017036317175, 34.66535586468149], [137.77551155591368, 34.64792066680536], [137.59868312572576, 34.6750550898206], [137.59857871623478, 34.69216080217933], [137.59646508369667, 34.676672999859136], [137.48517513612364, 34.67355149530533], [137.48467972838682, 34.684031946217374], [137.3413590663679, 34.64752684738613], [137.33728444861845, 34.66333305377748], [137.34138472132793, 34.64731777479551], [137.1891947213594, 34.60060730608234], [137.01527411231052, 34.580070225060865], [137.0683208947935, 34.661230134862876], [137.11929258068812, 34.63431841366389], [137.14081372237547, 34.645571586359665], [137.12683021963903, 34.65494569398862], [137.22373355416028, 34.67567413455373], [137.24548208762826, 34.70938349475256], [137.2606779897975, 34.69583481962127], [137.25846547320305, 34.71567394579603], [137.28482700356346, 34.730946775073676], [137.30000000000007, 34.72821116241528], [137.30088399490046, 34.693776972929015], [137.28615565475968, 34.680209081084286], [137.32232216603518, 34.69377555919476], [137.308342970152, 34.72498477532719], [137.35175552509747, 34.727463865365166], [137.32031422811917, 34.7328344412565], [137.33103955902845, 34.780511945569856], [137.3085892216153, 34.77876430562827], [137.3033393392392, 34.79300235967122], [137.3166666669332, 34.79766361328518], [137.3065892480954, 34.808082558663216], [137.28714345031005, 34.81252619792576], [137.27306613479436, 34.80157786482664], [137.2160721136372, 34.82318572094431], [137.21558710835848, 34.80477845935849], [137.19343926061345, 34.808848621866446], [137.178017081823, 34.76570325190363], [137.16880004257968, 34.787011883864835], [137.0255245777971, 34.777657278860374], [137.00152114088803, 34.81319902661386], [136.95674352839114, 34.83329002681336], [136.95528963670745, 34.854840613203805], [136.98383431899867, 34.893260991001966], [136.9773515560296, 34.89460853155856], [136.98638603109055, 34.95198077519268], [136.98340296997117, 34.95178205379881], [136.9832633331364, 34.9559936131148], [136.978959791728, 34.98372075431383], [136.9641930607612, 34.87652113544209], [136.94416077819744, 34.88088863989884], [136.94073461660935, 34.86277455010543], [136.92770313888877, 34.86494719795485], [136.93539578498758, 34.830043063236815], [136.92197902691066, 34.828551667125794], [136.9380467192807, 34.82087322491947], [136.92136773296627, 34.812927720418706], [136.91464630388384, 34.77045453215101], [136.9644061353349, 34.73425153178283], [136.97781208805748, 34.70175761342318], [136.92984372231, 34.70307786495158], [136.8590999223236, 34.73846802657823], [136.84028425431495, 34.76390372107994], [136.86653919612706, 34.83913100029548], [136.83792985707726, 34.88438641360216], [136.835010077653, 34.88145644126183], [136.8354407261087, 34.87895491943402], [136.83202150458885, 34.87302972084501], [136.83041937675284, 34.8718646401411], [136.82073691317805, 34.88647805411898], [136.8201333853475, 34.96643655870025], [136.8386742538138, 34.98005163977143], [136.82539131036071, 34.99390561315357], [136.8377391441462, 34.986703279232984], [136.84943822319553, 35.01092374773282], [136.86978884597852, 35.00836085616862], [136.85200569410756, 35.01639955869274], [136.86909341103217, 35.04165374842182], [136.88926328087575, 35.04225346762348], [136.87921941574348, 35.047394891760916], [136.88525114082756, 35.074534892371446], [136.89660046723782, 35.0849836943421], [136.86853674417546, 35.08820674764337], [136.8554795593343, 35.056587640307384], [136.84266050597762, 35.05919817075903], [136.84725134897064, 35.08304756819075], [136.82799063615903, 35.08264233277748], [136.8300825806466, 35.05024983815957], [136.80673055776913, 35.060268613106075], [136.8004626068639, 35.02901258636183], [136.78074658888409, 35.03351117060407], [136.7969297281245, 35.01245641373254], [136.76332080421184, 35.02121822514101], [136.7551694418164, 35.03930417065101], [136.7404069018737, 35.031259127061084], [136.75555980514093, 35.010184612929606], [136.7403671137337, 35.031237443982036], [136.6503033066523, 34.99122110806775], [136.63383883339554, 34.9489083331531], [136.6668702198848, 34.93700086499797], [136.64553180335008, 34.93420899974558], [136.64706131003152, 34.904084251786855], [136.61849333260125, 34.854987387058316], [136.53129919580135, 34.74675241399274], [136.52521457799048, 34.68269964017628], [136.557657588427, 34.671384252381415], [136.54477894868955, 34.62155391857851], [136.52720383878625, 34.610955440641135], [136.63032405980755, 34.597954612715284], [136.66637163394387, 34.55859174811076], [136.77312549914257, 34.50994030590044], [136.81000652358227, 34.50810438670811], [136.8070115268295, 34.48126717873081], [136.82840061010018, 34.486882721060795], [136.83231143972125, 34.5061201351362], [136.84731005221715, 34.480518558884455], [136.8773495327548, 34.47431549496417], [136.86423824919586, 34.46074519833229], [136.88480516162895, 34.44990236020578], [136.87579910514467, 34.42874141408504], [136.89711444867294, 34.453685225292986], [136.92242988313262, 34.447271414244426], [136.9286054727644, 34.41357102658168], [136.90938642014726, 34.39839094618526], [136.9127968346063, 34.37595253198384], [136.86646812254398, 34.39356847520424], [136.87697527898604, 34.371215306341355], [136.84124335879403, 34.37181844116816], [136.83360124470175, 34.361512413766945], [136.81257024612, 34.368151720825324], [136.82400377425483, 34.3534793598846], [136.84671302198842, 34.37027661287544], [136.85008155591913, 34.356330639747284], [136.8654390006094, 34.36359366711412], [136.86679744544585, 34.34269161332736], [136.90934505762834, 34.365175332675506], [136.87777121856698, 34.33525799985688], [136.90184966343134, 34.278415946139035], [136.86982061003323, 34.27338419792244], [136.8477809732134, 34.24653064037682], [136.76536888516603, 34.25979602726488], [136.74995082976704, 34.270014162123914], [136.76899625207545, 34.27924855917371], [136.8119081058744, 34.26308872136747], [136.82729352757428, 34.272238892410996], [136.8353012844268, 34.25876558586316], [136.86269655040553, 34.27051280202426], [136.84460255506394, 34.28153961266304], [136.8330509207634, 34.27047946775326], [136.83366671894396, 34.29171494608795], [136.8550997801308, 34.28502980238352], [136.86689549942787, 34.28674305404877], [136.82687230940962, 34.30096286534399], [136.8480369130731, 34.30391063976424], [136.84780897540395, 34.31434916158457], [136.80560411194028, 34.30830141417897], [136.805561192695, 34.327931865263395], [136.79188635527112, 34.30859813469618], [136.81165011735914, 34.29806830560784], [136.79785814503748, 34.29001316167813], [136.7731382749115, 34.29574202657329], [136.77641330722838, 34.31539458569165], [136.75850416303672, 34.31483730639661], [136.7654307261472, 34.30514697285457], [136.75202977995048, 34.29878886491423], [136.7654228274016, 34.290981973439386], [136.72328396878015, 34.304482224575054], [136.68907622588722, 34.28370494632628], [136.694120920744, 34.31924336029289], [136.71686325633425, 34.32236673903384], [136.7266354218873, 34.343288864789315], [136.69182444883927, 34.34782813526027], [136.69530717328746, 34.33505519823888], [136.6833308953046, 34.32370008109393], [136.69115243763497, 34.34541153191674], [136.66172286561778, 34.34568746820213], [136.67268616073784, 34.324214198326615], [136.65838988278688, 34.32819291866832], [136.6600388329258, 34.31994341415731], [136.651127419295, 34.323270224940984], [136.64940542172292, 34.31587869434634], [136.63766302233068, 34.31275574817931], [136.63687888455297, 34.30881255915233], [136.6774089108926, 34.315507775263654], [136.65011038858358, 34.29243433267834], [136.66015341105117, 34.28894922502678], [136.6051070561458, 34.258485467730225], [136.57142914433962, 34.27496849490018], [136.5956560313009, 34.28138586456606], [136.59129152968046, 34.29536444081634], [136.5484476394471, 34.28190602704154], [136.55852603135133, 34.267382162157105], [136.5482274188604, 34.249865386778254], [136.54114693858037, 34.27844744129641], [136.52813527921978, 34.25998138743114], [136.5305991698159, 34.273277441201], [136.50103036296093, 34.27712422470324], [136.51923513589293, 34.240721305943566], [136.50077167297434, 34.25933866714581], [136.48986355395994, 34.25427164032402], [136.50483044107204, 34.243111828947804], [136.48825855998462, 34.2460738018645], [136.48471089459213, 34.23955230599415], [136.5082211154122, 34.229262387249435], [136.48112955858232, 34.21987363955685], [136.46012316455244, 34.23811922462255], [136.46615379965817, 34.25708430599599], [136.4398977561766, 34.24739646807262], [136.45329335860163, 34.24537341435166], [136.45239861230618, 34.219567999563594], [136.42205333259528, 34.2263913870529], [136.42899224429675, 34.213892801711495], [136.39837000037528, 34.202808694365785], [136.39071914397334, 34.21925905366243], [136.36408771717447, 34.189214919133235], [136.34953914431617, 34.194596161883396], [136.35290544702877, 34.212159585996176], [136.32187647212152, 34.19622230611458], [136.3412363288935, 34.1999871352981], [136.33499744497612, 34.18146408060289], [136.277712048872, 34.16096377465851], [136.27700547312418, 34.13642113482757], [136.29282674405908, 34.127102586415276], [136.2840097799275, 34.11808113533618], [136.31568335919974, 34.115500162002945], [136.29776581084354, 34.086728197648256], [136.2901318554009, 34.096971251821856], [136.279759883412, 34.08580019802076], [136.26703224434266, 34.08160269420904], [136.27366833992198, 34.10180438656323], [136.2490502460721, 34.09513964038217], [136.27558919558498, 34.12141838724881], [136.2682058883911, 34.12911655878219], [136.22821189396382, 34.100542305882755], [136.23642992220323, 34.08678431534395], [136.20191763918774, 34.07736630640994], [136.21100228292903, 34.06303033328328], [136.25266552519395, 34.061755775408756], [136.2443626072486, 34.03844833282437], [136.28167547264502, 34.02234694555517], [136.24203547295872, 34.014783306304594], [136.2728818027531, 34.00481546805946], [136.2569237737132, 33.99785680184999], [136.27215072587535, 33.97255580240841], [136.23759719815223, 33.96932697276162], [136.25155508370017, 33.98518941376051], [136.2137214793629, 34.00106355943575], [136.21549564211023, 33.98330097326135], [136.19172313941147, 33.97108644058682], [136.2216238392689, 33.97452713521915], [136.23175316517654, 33.946262026971], [136.21735369631608, 33.94758427859165], [136.21303700355497, 33.93097508103523], [136.20093996101048, 33.944861892262566], [136.18209924778216, 33.93962033311192], [136.19917878087608, 33.92020163999376], [136.17981552466676, 33.91281469414287], [136.14991461706597, 33.93110266695459], [136.15205269767387, 33.91257664], [136.1387131913608, 33.90853782875786], [136.14928089539706, 33.89732166676157], [136.1008461349412, 33.88539466713024], [136.04592785968305, 33.80561674821439], [136.02290016920756, 33.73549810835107], [136.01196204880955, 33.723339224825395], [135.98497004030625, 33.73501955644328], [136.011889960953, 33.723300730244546], [135.97180335883797, 33.67261319774093], [135.98615588758423, 33.65518516206561], [135.93792221823583, 33.64422689235727], [135.95288780762633, 33.63229944126624], [135.9537416734396, 33.621907441375356], [135.92500355417076, 33.608393532235766], [135.93421802943863, 33.593108892161695], [135.94507678286732, 33.60487613532541], [135.9454634113074, 33.5907799727176], [135.96205294428796, 33.59517010771435], [135.95959577162762, 33.58197497316655], [135.92517133618833, 33.57704919836186], [135.89155360611414, 33.558051801649356], [135.92426885932048, 33.56052819821781], [135.89449500613966, 33.552390000098455], [135.87835941585445, 33.52858761292805], [135.79891089522175, 33.49957180189722], [135.78105705573864, 33.46392749455828], [135.79749710790531, 33.460770494662654], [135.79801160824923, 33.445261441362504], [135.77057291760616, 33.44706741402996], [135.76256897477845, 33.43302955896701], [135.75079219160637, 33.451072224603536], [135.7758774967491, 33.4613706941023], [135.77474752287992, 33.47845477506786], [135.75886238658995, 33.484387332809206], [135.6634205061515, 33.490487495401624], [135.63544111521537, 33.50553594562746], [135.63757333314288, 33.52408666706606], [135.63552092105374, 33.5065914142624], [135.58994961098585, 33.50248055923049], [135.51763700394463, 33.52203972105633], [135.48793260720413, 33.5506134406578], [135.44623286595402, 33.54895682919437], [135.39259907888447, 33.588562251746566], [135.3913845525551, 33.64300972112176], [135.32954350213095, 33.67057413518825], [135.34435785972755, 33.681294287801165], [135.3357422178292, 33.69528000017192], [135.37781861223925, 33.68274922539649], [135.40015739324917, 33.72075310826938], [135.35335306139473, 33.726569441226786], [135.35668680864933, 33.74100169397303], [135.32732444926398, 33.74206944105191], [135.31692224386654, 33.76778613502216], [135.23481277588894, 33.78151027867648], [135.23477805396408, 33.799087494792104], [135.18609153010004, 33.81950538686414], [135.14003817082494, 33.88569446782549], [135.05765111540677, 33.879876386586034], [135.05893917030653, 33.90488000001204], [135.08399972790517, 33.91036389227986], [135.06790722413916, 33.93146944106189], [135.1181008948405, 33.96021872091728], [135.08019594009068, 33.95574172130347], [135.08598427985066, 33.967968107941886], [135.0690102723063, 33.97786474775995], [135.1515847212579, 34.00724694618964], [135.1369441630427, 34.016659721069345], [135.15226027219387, 34.025898333241514], [135.18229483613496, 34.02693286683209], [135.13598406031622, 34.06466560383461], [135.0786161091462, 34.073430739137336], [135.11069660196665, 34.096718476676415], [135.1078784180546, 34.0982654140177], [135.11324455309375, 34.10947476634743], [135.112033541315, 34.11294799125682], [135.114254526825, 34.119132891569734], [135.14604418878832, 34.11082591858133], [135.12607258078503, 34.13676577482073], [135.1701323607199, 34.13323946832685], [135.20959591432006, 34.14947269440938], [135.1827930866317, 34.147097414014524], [135.19258522371067, 34.159403658060214], [135.17997477321728, 34.186912973055314], [135.18043620007063, 34.1692414684191], [135.138408106449, 34.19026010761792], [135.13651819735696, 34.20270108059043], [135.1503439167384, 34.194806613134745], [135.14373936398056, 34.21911589238459], [135.1276000262203, 34.2169332611611], [135.13952871567778, 34.225409000025365], [135.11038983062622, 34.226975387004586], [135.10039069957122, 34.23561274842967], [135.1282478600508, 34.22732725215104], [135.12321600481482, 34.241775720573116], [135.0612646165689, 34.26378286488733], [135.0740233847714, 34.30506569392668], [135.222879611405, 34.34728036000064], [135.35149163383187, 34.46242316239909], [135.35344418879833, 34.4508441977016], [135.36614369617473, 34.48070219774826], [135.37588333324925, 34.47320813544712], [135.37864686086402, 34.51088516242038], [135.3671613878878, 34.517044639798314], [135.3789912967111, 34.5329378016383], [135.39008930038096, 34.505483162418045], [135.410364332448, 34.52291249491577], [135.4268174967301, 34.51273666686376], [135.44478603125037, 34.55722078381217], [135.40923905303998, 34.5578180901328], [135.4026506098378, 34.600000000199884], [135.42081710762352, 34.56967905434493], [135.4261898832566, 34.58962369437802], [135.4449660305579, 34.5670095319644], [135.45011208800247, 34.583734585582704], [135.46577852086216, 34.582791918911994], [135.44929486416675, 34.58704553232553], [135.46233153007609, 34.58737691900967], [135.46059683497606, 34.59486113463373], [135.42554936361228, 34.593344775141304], [135.42354211367763, 34.604917360048205], [135.44468294376293, 34.59750241380539], [135.42340547338392, 34.610771414169506], [135.4234251361612, 34.61898422544169], [135.4475677170766, 34.617879649326426], [135.44709596600615, 34.64126319793826], [135.45530721179702, 34.647682796600925], [135.4145409728876, 34.65157155908025], [135.42626817103928, 34.66782297305184], [135.40676814503388, 34.67383680162715], [135.422259728104, 34.67963297268358], [135.40729749678212, 34.69710082943976], [135.44617027224035, 34.71833972070158], [135.406353449652, 34.697598386556365], [135.39196795086036, 34.68003691037518], [135.37618111496658, 34.676569441126844], [135.40108588840314, 34.69901322518024], [135.36850374834933, 34.683160153318454], [135.38431639388648, 34.7217547208038], [135.36370316456942, 34.68843569425195], [135.3374703110061, 34.72710902706001], [135.30591319124085, 34.71453397326428], [135.2995997283449, 34.7284413870604], [135.28797963675095, 34.7039858285832], [135.19014600483433, 34.68551958586028], [135.18331108893562, 34.64948927870728], [135.04562639364326, 34.62473889188641], [135.01871696481612, 34.64313832397454], [135.02561486554885, 34.65232458681158], [135.02011583687647, 34.647397225401676], [135.0171851882459, 34.640962333345044], [134.96624664057003, 34.64394889192789], [134.8437004536131, 34.72138596369132], [134.8317072503894, 34.69818074794324], [134.8088037742748, 34.71847830622892], [134.81537817096591, 34.73115682882462], [134.8063787811559, 34.716465720616554], [134.81126097301558, 34.73153935995356], [134.7462585861649, 34.76881913479531], [134.68570005171603, 34.77823638739943], [134.6811173017221, 34.76585913499116], [134.6579278340024, 34.77394394575657], [134.66335814466277, 34.784959657861975], [134.65035306114487, 34.77058638715209], [134.6579947210796, 34.78718249507614], [134.6557219463108, 34.788491387267754], [134.64557260689037, 34.7667579462223], [134.62882924757173, 34.76386049516577], [134.6439205576877, 34.78341389233731], [134.622435667672, 34.78375955935621], [134.6286950579306, 34.77843061308238], [134.62388499439703, 34.76941833328948], [134.60543944237645, 34.77947694640403], [134.56992518779725, 34.75742258588366], [134.57293555143463, 34.7895883326355], [134.5698794545732, 34.75803488300352], [134.52754260660606, 34.782924494769645], [134.47425653700964, 34.75520989212288], [134.477341854643, 34.78742766735303], [134.46516516184283, 34.80888055859094], [134.46432839214162, 34.764157802040984], [134.4506812844138, 34.75371064043378], [134.4554549415924, 34.76811627864339], [134.43302111483263, 34.7661809187145], [134.4343391045661, 34.747601640203584], [134.4087831131502, 34.72610710765696], [134.3736985861209, 34.73084538730484], [134.37994165997964, 34.73621005375105], [134.35882888514504, 34.751278828655074], [134.36394758791096, 34.73946177474119], [134.32172944235992, 34.72194610822635], [134.29811003934685, 34.73654473015523], [134.24375900067741, 34.715279927626625], [134.18601745763965, 34.743153559189466], [134.1794390139994, 34.73305444960323], [134.20500018191296, 34.72666853192726], [134.1945403497574, 34.71685725216054], [134.2142332938315, 34.71613776574537], [134.19741744465944, 34.707778170726044], [134.23598277608426, 34.71471944134919], [134.24501055839062, 34.69837138712984], [134.21368613460754, 34.684972261160965], [134.2231747214363, 34.680820000442736], [134.19123499409977, 34.65203722533772], [134.17052217925527, 34.65287699967382], [134.1739330613617, 34.63131861256397], [134.1873564717239, 34.63185213536781], [134.1204391701317, 34.58889666714754], [134.06888345011123, 34.58342200012527], [134.05259693919743, 34.590376279441784], [134.06294883292242, 34.60861308082906], [134.04788063628246, 34.59731353189403], [133.99029158229075, 34.61597194624835], [133.9816532558931, 34.600164891796396], [133.9460600777105, 34.59915269404166], [133.9591897802842, 34.58365674836028], [134.0272977168163, 34.599110774842416], [134.04708503214863, 34.57638325198553], [134.02906527943912, 34.57845166661116], [134.0320905583327, 34.55129722468723], [134.00106917010623, 34.545434162057006], [134.0034247733347, 34.51148255867321], [133.97939338459707, 34.532854305881585], [133.95947379967618, 34.52271508113614], [133.96481055836068, 34.49488749486204], [133.93802916961056, 34.48116889193085], [133.93478499393234, 34.45089777481252], [133.82959535733994, 34.47572691886228], [133.807543969079, 34.45769233273501], [133.82243466922466, 34.429726053914294], [133.78515871560228, 34.43608325174074], [133.7396174186091, 34.525177945605776], [133.7350398828844, 34.49857438699843], [133.71898058388695, 34.50387891937669], [133.73717666666994, 34.49057527892603], [133.73361177656227, 34.46865094598439], [133.7040300518455, 34.47782669374698], [133.7053341119797, 34.52306349468461], [133.67892072581094, 34.524299864647105], [133.69067481189313, 34.51963863981143], [133.69027992228064, 34.50482972131465], [133.65944224396446, 34.52080980173099], [133.64865756229676, 34.50403874779005], [133.5902023091893, 34.48637163993931], [133.59391360622806, 34.46927916200377], [133.57448333343916, 34.46552833256652], [133.56914333269867, 34.48434082866635], [133.57324124468778, 34.46590461340725], [133.5402472241301, 34.46144018901356], [133.48678450070418, 34.51419144977564], [133.52746438377437, 34.453851323779645], [133.47380304777255, 34.44145991874029], [133.49029073882662, 34.45996282862171], [133.4563236446205, 34.45453810814723], [133.44410901391996, 34.48645147725392], [133.44363917031149, 34.44557610765128], [133.4084745532581, 34.478455999744654], [133.4081805576867, 34.457244377725885], [133.44052558968428, 34.43625591887559], [133.38588527868274, 34.421715000147174], [133.38380496782509, 34.38142519801454], [133.36703360631589, 34.36875361278908], [133.28569041468097, 34.385741081385845], [133.28146416314064, 34.40158055909558], [133.2445072242291, 34.391093892069534], [133.2722133327792, 34.40677805416391], [133.2703342020618, 34.43269600921349], [133.25120901438459, 34.4414264405778], [133.25404352818634, 34.423472919339815], [133.24208556399765, 34.435886387446885], [133.23405625219436, 34.41156094558124], [133.12746897471345, 34.38255691926645], [133.0848763937306, 34.39564861289324], [133.09673763943056, 34.379364360177135], [133.07936333285159, 34.34593225197193], [133.0393268607461, 34.331142332552645], [132.95034726301583, 34.3402788294045], [132.89361198400593, 34.326515036439844], [132.84681827494353, 34.291731305655276], [132.83438041542388, 34.31605261333749], [132.79947355396143, 34.31268716228277], [132.788545641768, 34.27802808113108], [132.78519948117116, 34.27698679300613], [132.76169202306846, 34.28264038734403], [132.75576620034997, 34.2797704141733], [132.75424105088382, 34.282338081137596], [132.7530044749766, 34.259493864949945], [132.77340094699616, 34.25534205389272], [132.7605535020425, 34.2404413865608], [132.70131844409093, 34.237515775033046], [132.6843870302373, 34.21031713502782], [132.6602480034427, 34.21928136044647], [132.64091169901576, 34.201773829198885], [132.59562019501607, 34.231140386619586], [132.59352271070463, 34.212521775359676], [132.55348263321696, 34.19443808085282], [132.53784780793, 34.19409991867633], [132.53155693870178, 34.222170999991704], [132.55852900081277, 34.238226297006065], [132.5145075616747, 34.257046027252386], [132.51904175097604, 34.282009720672136], [132.4943158499965, 34.31624379301667], [132.49635097261933, 34.34814953227516], [132.5164332808713, 34.343758080670966], [132.5087302718846, 34.35271499999732], [132.5224839951403, 34.36283219764783], [132.48255680864986, 34.35311803566884], [132.48079274978568, 34.36296269377334], [132.4756068352873, 34.36709361268015], [132.4428889362755, 34.340729432017724], [132.37095306063532, 34.36953444106166], [132.3768533983657, 34.35236582022645], [132.3382699995609, 34.35414745004482], [132.3527404411185, 34.35317558598456], [132.35501098556858, 34.3488402071099], [132.33892313939145, 34.3419569193764], [132.35875320399725, 34.34528500899603], [132.33675841816648, 34.33768441390464], [132.32677808024425, 34.34411697311987], [132.27803058414418, 34.28204053234475], [132.2310579117933, 34.2559239997928], [132.22065968859386, 34.232759999974064], [132.24748917038892, 34.21501172111408], [132.23085654998988, 34.185526161802954], [132.24922152994975, 34.177217865012494], [132.25734951986453, 34.13146712580726], [132.2224628922487, 34.13104102702181], [132.19895994784338, 34.11852474841845], [132.22051632856574, 34.04185889207429], [132.18750527934526, 33.963237495014425], [132.11878050591565, 33.95309836020124], [132.12785527869823, 33.887976108110934], [132.15815111458232, 33.860012225084176], [132.14413277570713, 33.833308892091736], [132.11545577166657, 33.83366608122475], [132.11680469538044, 33.87835616180746]]]}}, {"type": "Feature", "properties": {}, "geometry": {"type": "Polygon", "coordinates": [[[141.2377374967881, 45.09697166690893], [141.1268313879583, 45.18617472098663], [141.1416286116712, 45.19020583762938], [141.13237916986282, 45.21349833258205], [141.14941083024564, 45.2241219456713], [141.15930861220272, 45.213952504604435], [141.1569877821605, 45.23573444069194], [141.19078888489923, 45.25797083838353], [141.23219666664295, 45.246761945607375], [141.22995121867382, 45.235222305565], [141.2756952786143, 45.233794720849744], [141.3184636060107, 45.19707638736543], [141.33032277607526, 45.14994417078691], [141.28576944190627, 45.10906944060224], [141.2377374967881, 45.09697166690893]]]}}, {"type": "Feature", "properties": {}, "geometry": {"type": "Polygon", "coordinates": [[[141.14055002596297, 38.35431433284026], [141.16259214041497, 38.340430224974966], [141.15883391675197, 38.35039474831905], [141.16888299615346, 38.35013746757011], [141.18265914400433, 38.321503171434244], [141.11621922233928, 38.332062721317584], [141.13025447476423, 38.347143333098415], [141.14821593971396, 38.33882627870986], [141.14055002596297, 38.35431433284026]]]}}, {"type": "Feature", "properties": {}, "geometry": {"type": "Polygon", "coordinates": [[[140.9915025027384, 45.438409170646764], [141.0348592223753, 45.44039208132955], [141.03389610871852, 45.46080805424833], [141.06739503205517, 45.42397450501943], [141.04355396864082, 45.27410713463661], [141.01463306126686, 45.28407889212724], [141.0227674966227, 45.30964110775096], [140.98290834024772, 45.38037527869619], [140.994406667234, 45.4238311081192], [140.96643167308332, 45.43838861304408], [140.97684722441988, 45.447631666967936], [140.96734666671534, 45.46421861259893], [140.9915025027384, 45.438409170646764]]]}}, {"type": "Feature", "properties": {}, "geometry": {"type": "Polygon", "coordinates": [[[139.77422949369623, 33.15788764020249], [139.85749206160938, 33.09908535130796], [139.83260333297756, 33.04527755891229], [139.784137950606, 33.06930261282537], [139.77946533136003, 33.100870467797904], [139.75364193282905, 33.10504942309245], [139.73858298301832, 33.145870477240805], [139.77422949369623, 33.15788764020249]]]}}, {"type": "Feature", "properties": {}, "geometry": {"type": "Polygon", "coordinates": [[[139.56321405988103, 34.069059080712066], [139.50176639360427, 34.04522905377786], [139.4820466407399, 34.051473197829864], [139.47287347583028, 34.07657905427999], [139.49153596591213, 34.11838877542169], [139.53979516161746, 34.124249224622076], [139.56566072576197, 34.10208582939754], [139.56321405988103, 34.069059080712066]]]}}, {"type": "Feature", "properties": {}, "geometry": {"type": "Polygon", "coordinates": [[[139.52368954573603, 42.179916315185835], [139.4961347211405, 42.08307666705457], [139.44988866413064, 42.05190183829927], [139.42078250271038, 42.07173777457871], [139.42310416282692, 42.136361107978814], [139.40500306104252, 42.16471110773148], [139.43547360642185, 42.215901387339215], [139.53658403422583, 42.232927613118875], [139.5577132810431, 42.2526524408575], [139.56054722377542, 42.22684889216271], [139.52368954573603, 42.179916315185835]]]}}, {"type": "Feature", "properties": {}, "geometry": {"type": "Polygon", "coordinates": [[[139.4492681454086, 34.74029074821948], [139.44281489009518, 34.68121399972637], [139.40121977956926, 34.68193935961381], [139.3580433587141, 34.701269332813524], [139.34964243804814, 34.78280541373891], [139.36109136167704, 34.799072946259514], [139.4131942795924, 34.7868801978629], [139.4492681454086, 34.74029074821948]]]}}, {"type": "Feature", "properties": {}, "geometry": {"type": "Polygon", "coordinates": [[[138.51481902717637, 38.33213450520333], [138.4924155381466, 38.203542918970584], [138.44956399468265, 38.14507938670437], [138.4341622179121, 38.088431332939706], [138.48141660199462, 38.06231475722035], [138.56317744508306, 38.08806622527612], [138.57259574629677, 38.07864730622828], [138.5001277561911, 37.92036389217992], [138.35965044111504, 37.83048002703168], [138.3053827758945, 37.82702646759748], [138.25307713370285, 37.803237332836716], [138.2162396112691, 37.80978569415453], [138.20539708161004, 37.828490134911874], [138.26920941628157, 37.847838413811814], [138.28985555089298, 37.88545925204289], [138.2846252269727, 37.91945897275343], [138.3436910253206, 37.96545405416134], [138.29803630403228, 38.00716583823288], [138.27408059684217, 38.00216039608546], [138.25487661506384, 37.964687945991955], [138.22718258081147, 37.97971891879314], [138.2344429443864, 38.00413050491892], [138.22126055772867, 38.022202585580885], [138.23842241206478, 38.027953134929305], [138.24184883265752, 38.0866522248204], [138.29004561631223, 38.13386935988308], [138.32441319121585, 38.198634251969224], [138.3638085600171, 38.21288280199974], [138.40193442333498, 38.25456827910284], [138.4329579510487, 38.25795294597174], [138.45820474655193, 38.32183177471666], [138.51481902717637, 38.33213450520333]]]}}, {"type": "Feature", "properties": {}, "geometry": {"type": "Polygon", "coordinates": [[[137.0502714140946, 37.12926380238264], [136.9454986375522, 37.09107446761266], [136.901576614869, 37.15217997332718], [136.92668163405028, 37.14419627873531], [136.92335372159698, 37.13034469395251], [136.9403927501254, 37.14619794567869], [136.9770252532129, 37.13999938736191], [136.96748391664948, 37.15529208086491], [137.00469766506524, 37.13519713533958], [137.03774929979045, 37.1681043056692], [137.0502714140946, 37.12926380238264]]]}}, {"type": "Feature", "properties": {}, "geometry": {"type": "Polygon", "coordinates": [[[134.73409077776728, 34.18871994576892], [134.72983805378317, 34.20756564034207], [134.6999033847335, 34.221275161919266], [134.72274880691202, 34.25547772111997], [134.6581613357771, 34.240657972987094], [134.67600236082035, 34.25588094564915], [134.65445063588822, 34.29388500029256], [134.68734778237433, 34.33117080239066], [134.7300900258341, 34.329972414395456], [134.79746272432533, 34.44852161308205], [134.84269709529474, 34.47254929661278], [134.87797386500188, 34.52545080171319], [134.93506780803295, 34.5494236940483], [134.975951115052, 34.59769469425481], [135.00425182925858, 34.60832686529267], [135.0256676126703, 34.57612010765689], [134.99831941630805, 34.55085544082601], [134.98878396940472, 34.511656197975185], [134.89526547262358, 34.417452909724034], [134.89365664124102, 34.35224105368172], [134.9433447733427, 34.299101945898144], [134.95161700372182, 34.26650061341263], [134.8331731390292, 34.22441608103736], [134.79738980459592, 34.19732258616847], [134.73409077776728, 34.18871994576892]]]}}, {"type": "Feature", "properties": {}, "geometry": {"type": "Polygon", "coordinates": [[[132.34675083038655, 33.48742555924224], [132.35387805382913, 33.47425166668114], [132.3242897280885, 33.473010559090085], [132.31694610887587, 33.45168527895254], [132.29975333314985, 33.474683612858485], [132.28066111461885, 33.44715249529145], [132.18205722416167, 33.41191805397506], [132.1531316600981, 33.37276000007398], [132.10358111527626, 33.361838892151184], [132.12078693926594, 33.38834861279827], [132.09455805441075, 33.38759305367654], [132.0516325030377, 33.35761361277804], [132.01273111474916, 33.34416555919324], [132.12044306099858, 33.420010829136515], [132.12811499391194, 33.41637000027532], [132.12750472116602, 33.40669838702098], [132.13496778203762, 33.40274833256956], [132.13838333342414, 33.42133305377746], [132.16573083011383, 33.41133722503298], [132.14797749706395, 33.43250555908435], [132.15675639379265, 33.44009305375147], [132.17379749705685, 33.426346667165035], [132.17280972758692, 33.446210558870234], [132.19449972778023, 33.44212749468818], [132.19959416324014, 33.456091108018256], [132.22477785961064, 33.444520972864666], [132.24206194620194, 33.46563638720954], [132.26043083011882, 33.4501413867157], [132.25856805357284, 33.47374805442922], [132.42946360586075, 33.55090749468519], [132.4795757979848, 33.618893621643394], [132.53088975415892, 33.6377464406458], [132.5440383272071, 33.622521386952485], [132.53125849508353, 33.63765613522253], [132.652606108785, 33.696967224557795], [132.67703280172248, 33.744977828763865], [132.69845316538135, 33.75490046798228], [132.7022088331712, 33.78777555859523], [132.68988255523584, 33.78829753230531], [132.68336457841258, 33.808450027247034], [132.69593630381746, 33.81046486476174], [132.68732946808052, 33.83411772075624], [132.69232447539434, 33.847831586058874], [132.7007885860245, 33.83880644056484], [132.69962902715793, 33.86244364026186], [132.70576294400473, 33.85252538703702], [132.7064806101921, 33.866893440779734], [132.7189376648414, 33.864848919342194], [132.6985757195938, 33.877743720796104], [132.70944455262406, 33.90685289224723], [132.75523105067248, 33.91131774831547], [132.77174557659714, 33.962265720886364], [132.76557927426416, 33.998512386937136], [132.80852639407794, 34.01837916186889], [132.8209847212679, 34.00818222492978], [132.80848302157426, 34.0186891078161], [132.865086420402, 34.05921702704421], [132.9222503891442, 34.06603205443582], [132.92698319102146, 34.11011669433003], [132.89138839226052, 34.118357918782976], [132.9250870820033, 34.11668844071903], [132.94178169896634, 34.142220386961355], [132.96909061024348, 34.10703594615205], [132.97858992238707, 34.1158571352986], [133.0067874708651, 34.065907467755494], [133.03262224402135, 34.05683689210895], [133.06659116744845, 33.982666495262606], [133.04148639378207, 33.977719161909874], [133.06615105093033, 33.9822988290278], [133.08828002640212, 33.94542080202842], [133.09523341089323, 33.94947399972534], [133.1011261088829, 33.949189027052], [133.09327121879176, 33.9406235862096], [133.11931797744273, 33.941079666593396], [133.11899069976107, 33.92449966732585], [133.1258046425703, 33.94150319781437], [133.13339175142823, 33.92717677458853], [133.1668760176142, 33.9406724679601], [133.17141374844584, 33.92758191917028], [133.17824591421765, 33.94758977524799], [133.20066752278797, 33.935371999618155], [133.22931075188978, 33.95743194582769], [133.24762105127058, 33.952321306383226], [133.2484785863178, 33.97523808077284], [133.26215308739518, 33.9805900002284], [133.26362586304322, 33.960884251606956], [133.2787309210952, 33.988964161566855], [133.32611416273846, 33.994208333248025], [133.3399236061896, 33.981231973177046], [133.34120444942585, 33.99274138700548], [133.35627963739546, 33.979197972908196], [133.4111407778247, 33.990648305774755], [133.5123038906121, 33.96986786461031], [133.53813988324907, 33.99499380202241], [133.54386697827852, 33.98580797285973], [133.54124194625888, 34.00351205363842], [133.55558744500468, 34.00100089197764], [133.54901535687327, 34.01055022531273], [133.56943885891621, 34.026260000099], [133.62783880731513, 34.05310841442184], [133.6391272496229, 34.09297933302986], [133.62797141414956, 34.11895353168018], [133.6484370557256, 34.19350008076418], [133.5569200127485, 34.26166755871094], [133.59151893555054, 34.26059463963094], [133.62231159470434, 34.23556162197133], [133.67292985692745, 34.246972810946545], [133.67227557675653, 34.22211440475604], [133.7378625031521, 34.26371927922139], [133.73641741942845, 34.28257941420867], [133.7436475226151, 34.271727054060364], [133.7608121396686, 34.28706643227008], [133.77209115203746, 34.26946194487867], [133.76187741900776, 34.299917999715944], [133.7762523867383, 34.291233243119734], [133.78273408580947, 34.310766440618806], [133.79294077769475, 34.29398672081055], [133.78894007792235, 34.308068333287], [133.82665234842716, 34.319754377562504], [133.81920596638236, 34.353124251782845], [133.84067684765841, 34.36058865804017], [133.82891897543038, 34.34214619788878], [133.85372477307988, 34.36050786474624], [133.85761810639053, 34.34580437826952], [133.8308335277452, 34.33146255865023], [133.86424455314364, 34.32688746818218], [133.89494511002886, 34.35458694603079], [133.89084163393431, 34.379833918700456], [133.92760725017456, 34.38965382926085], [134.00040058441948, 34.35135933316673], [134.05172924810643, 34.36154086471919], [134.0597528267316, 34.34774266729033], [134.0695435668822, 34.36457987356238], [134.06948276281935, 34.3513361171681], [134.07499852076523, 34.361781586251254], [134.0856606356299, 34.35173780205798], [134.09164044105353, 34.38481835987943], [134.11528771675478, 34.3589014678285], [134.12234561595744, 34.36067038662907], [134.1194184180256, 34.397056134632976], [134.1363973277745, 34.40025494580914], [134.16376308699694, 34.382407585941394], [134.1532778858658, 34.34351141372082], [134.1657220226533, 34.32605849470383], [134.1905257455668, 34.331173720690686], [134.18238888473934, 34.3525796133585], [134.2119584443268, 34.3480157212486], [134.20682469500377, 34.369685305932194], [134.2336829703928, 34.337212359762646], [134.25022852112943, 34.3515932252472], [134.26629408570352, 34.336217721270884], [134.24634841774537, 34.305605252080795], [134.25766158241618, 34.28541935991558], [134.30639252919195, 34.2780827482203], [134.34321511028918, 34.2523334142557], [134.37811919644378, 34.261824494904545], [134.43031832742895, 34.210035134613804], [134.57226442336446, 34.22248044141929], [134.56682613481837, 34.234131386954004], [134.58764836567957, 34.240206197657926], [134.5853754730997, 34.201748999816516], [134.64190050590366, 34.180162613214065], [134.62471828821845, 34.14230926066392], [134.60082917042996, 34.14854777495992], [134.62554134865434, 34.1365408112095], [134.6036497798135, 34.11691880206109], [134.60796639433374, 34.09067444077289], [134.5839762907733, 34.04281844981165], [134.60080552455543, 34.01872861323494], [134.588272437623, 34.00808646781627], [134.6147444487973, 33.99724449483762], [134.60506997390019, 33.99379897264453], [134.60724686115384, 33.98279161344226], [134.63446827469124, 33.99335691898665], [134.63191769124853, 34.01142077534854], [134.64876061001416, 33.99766430556332], [134.64432805399656, 33.98202722477663], [134.6991008558199, 33.95429208071499], [134.7116466933403, 33.92579344101455], [134.67522566763057, 33.87972576633109], [134.65333489019304, 33.8824350180617], [134.62879201024316, 33.856948171021315], [134.64667092102627, 33.86659404477939], [134.64332116673847, 33.842901874022346], [134.69252232224744, 33.854380855692], [134.72026206184478, 33.84502665815381], [134.68018649800854, 33.830322631184515], [134.75019239886024, 33.833901144222466], [134.64136111502353, 33.78063027856456], [134.62044888540777, 33.78672082920298], [134.6020586120154, 33.76409916194683], [134.58147917022757, 33.77128138702642], [134.5667676905765, 33.73259917071522], [134.54517431893976, 33.73769829703883], [134.54322512294118, 33.719203514330786], [134.44159651117013, 33.66329551357717], [134.39157038866256, 33.65014989210391], [134.36984944189828, 33.66705777519621], [134.39161083027568, 33.64796499998482], [134.3626258372127, 33.625033892200406], [134.38952306134024, 33.621566386979225], [134.36384666689025, 33.58855805371127], [134.33204440992165, 33.5825665588996], [134.3637047205964, 33.58016110804874], [134.3119233327957, 33.577195559427594], [134.31370666682926, 33.54553416237172], [134.29705452664518, 33.54793670301649], [134.23531111471618, 33.44210861342185], [134.22758333300453, 33.45008666656645], [134.23539472108962, 33.43963055940287], [134.2088510888068, 33.39570535132094], [134.17642600455656, 33.2430210542783], [134.1429758235755, 33.28551707235505], [134.1533871849707, 33.28270374837933], [134.1338362906124, 33.29790567600617], [134.11074774301403, 33.2936511263984], [134.1028274973911, 33.32703444098672], [134.03839832672145, 33.3696719458037], [134.0336555513627, 33.378217224745185], [134.03632250258147, 33.39987361277707], [134.03058800343365, 33.41283238660543], [133.9577681445843, 33.441830802049935], [133.93179338475693, 33.48867589207879], [133.77017727566079, 33.51401286530154], [133.74571948056962, 33.53702231482799], [133.60140161162946, 33.52145788758855], [133.56346561584553, 33.501730864587785], [133.57327070018277, 33.536626640107386], [133.5526190527272, 33.54080361329619], [133.56153968890555, 33.53167582907628], [133.54588985663167, 33.51742408105656], [133.5578550315845, 33.498971892039265], [133.56386221776722, 33.49645913498114], [133.5678477819497, 33.49913013494785], [133.57803522744382, 33.50123705404684], [133.58318976729402, 33.50094342270086], [133.57488294359302, 33.495498999878976], [133.4570211147327, 33.4432184136989], [133.39814111542023, 33.44534055921946], [133.40540722386436, 33.43198110774199], [133.3684847208932, 33.43014722461476], [133.35042861219074, 33.415860829313885], [133.36707581060023, 33.40667685635191], [133.37097138771946, 33.424850829302386], [133.38412306073076, 33.41074277495915], [133.39664055791548, 33.42478972126867], [133.4030722178087, 33.41412389220392], [133.4173425026545, 33.43952722460176], [133.4329680541324, 33.42671499979747], [133.4577152528567, 33.433367775102795], [133.45739878142865, 33.4199574678629], [133.41237194610846, 33.41097249508465], [133.4096127757091, 33.397972495434374], [133.34568134921494, 33.4009010630337], [133.31902722442692, 33.3548794408336], [133.31139194608147, 33.366566387129126], [133.32446599231173, 33.37917408091914], [133.30001199685626, 33.373874144076524], [133.28975192031498, 33.38182565822757], [133.30475437111738, 33.391293657776146], [133.28813997368093, 33.40252696444793], [133.29563456478343, 33.38960173892917], [133.25907666675482, 33.36612499986887], [133.26397221804348, 33.34060333287755], [133.23153824939072, 33.326033323778915], [133.26105666723151, 33.309870802395665], [133.2385152788571, 33.29708000034179], [133.26421693886073, 33.25731416211892], [133.24731000005647, 33.24798416173974], [133.25613888470184, 33.22525249480685], [133.2384772240447, 33.215653053945346], [133.2412219459361, 33.19673666726345], [133.21101055819076, 33.18495916193581], [133.22296055798347, 33.15323999962635], [133.1913661091587, 33.1672702788004], [133.170573606287, 33.150422775290906], [133.14343221802255, 33.098091945786734], [133.10515428024587, 33.07306552285564], [133.09626184231024, 33.02457866737166], [133.03767914357763, 33.03763762207865], [133.0082210378706, 33.01137937795596], [132.99347185504212, 32.93504622490343], [133.00937416298734, 32.88120638696523], [132.99258250288028, 32.86247610778622], [132.95087472079183, 32.86000333278764], [132.96100416271202, 32.82950194605803], [132.95036092101975, 32.820603306397516], [132.96549713428533, 32.799034891846816], [133.00270499394037, 32.78714582921668], [133.02009666732738, 32.72339982943862], [132.96570944173743, 32.729393333335736], [132.97141722382594, 32.74758055869586], [132.95214693863034, 32.76284610796159], [132.9696950841609, 32.77787261293082], [132.94535111536175, 32.7648441623283], [132.9352163944211, 32.786911107961316], [132.8794563546271, 32.78966691939286], [132.86834610938547, 32.76562610755889], [132.86173692601835, 32.790640368957895], [132.8023841629988, 32.74683277511252], [132.7864472239603, 32.772165278704676], [132.78461564219822, 32.75503682878667], [132.75744666722994, 32.75306527923931], [132.71088916959957, 32.79910000006498], [132.628698327366, 32.762915559005876], [132.6446805580614, 32.78676527929423], [132.6265400003208, 32.79675416167527], [132.65619639394845, 32.80121805367031], [132.64404306103847, 32.81982555920223], [132.67400805432828, 32.8404327747528], [132.6568458366661, 32.854258612844774], [132.69627499389594, 32.88682805357189], [132.72250152972185, 32.88102738680453], [132.70387277590794, 32.89613722475315], [132.72190333307242, 32.89865666737137], [132.71088555072765, 32.92395944117533], [132.66681732795735, 32.91898969401922], [132.64488933927169, 32.92790486501758], [132.5990301688073, 32.912616251738655], [132.58604141427986, 32.93849902710849], [132.60068021971642, 32.94268202665427], [132.60230457789407, 32.94763633335015], [132.54816344998335, 32.94511930631097], [132.56748518809104, 32.92930313543138], [132.5124692743376, 32.95009097262033], [132.50477542224803, 32.941506639719705], [132.52702386455974, 32.93282508111264], [132.49697469472642, 32.91860838686762], [132.5273356936874, 32.920550251592886], [132.52221588835266, 32.90891533287635], [132.47206658930168, 32.906170639763275], [132.47775111492206, 32.921874134583675], [132.4604807519852, 32.93809380158774], [132.49218808011585, 32.93975186455697], [132.50282114058325, 32.955954531676355], [132.46984880717673, 32.969604612562875], [132.48435296971388, 32.98041716242216], [132.50530289171513, 32.97967174765307], [132.4927275879079, 32.96464349530112], [132.55391089487193, 32.9603136130828], [132.51122944198528, 32.97674419808635], [132.5061086123227, 33.00488561268094], [132.4846850317889, 33.01098427880146], [132.48158367114956, 33.04955338737898], [132.45007992165108, 33.0482832793499], [132.45213705608035, 33.03516508090382], [132.41654830076357, 33.05788105376769], [132.41100258100437, 33.026694162405704], [132.39582433162764, 33.01326672128221], [132.3787207776419, 33.02149538670278], [132.3973618287854, 33.02920569368786], [132.40366875540883, 33.069381585891506], [132.43341105137893, 33.052855251868436], [132.44741306126377, 33.06584705419823], [132.48283422791735, 33.05591349541152], [132.47797250282883, 33.08457705368812], [132.47237785995037, 33.069965000384514], [132.46151594000867, 33.07609049508034], [132.4628103890883, 33.09334563968957], [132.4813657195524, 33.09734833325905], [132.44663661538755, 33.12417919821149], [132.46918072600977, 33.12677161271978], [132.4705562004084, 33.11472989197097], [132.5028323866054, 33.1297404141888], [132.44066819717966, 33.13806977490026], [132.42482572023084, 33.15609580217961], [132.43162219191072, 33.16963202709644], [132.46401503186826, 33.17021553242091], [132.4216321143307, 33.208741495123945], [132.41476058433352, 33.20391205389819], [132.40308836623512, 33.20467616197533], [132.4157453572625, 33.18883655925987], [132.3893472496759, 33.19853353159726], [132.42023230877408, 33.214949865044275], [132.44661596605408, 33.200593251577345], [132.45856189371648, 33.21070980171601], [132.45721730203695, 33.186079558924575], [132.4827372243435, 33.18586699966238], [132.47704111455585, 33.17001464006364], [132.4891727504222, 33.164858135194834], [132.49270505809204, 33.18459238692918], [132.5153843835825, 33.17090999969679], [132.50849328074037, 33.19414813512839], [132.50014138841436, 33.19054555893047], [132.49244736725223, 33.19273638657501], [132.48825450124434, 33.19826538703802], [132.50256233458413, 33.19415930560751], [132.51554308694392, 33.21634669384491], [132.54390552521988, 33.21383277486274], [132.53958130962985, 33.22697494563727], [132.55769289211332, 33.22019226955763], [132.52007491642428, 33.24866886507613], [132.54270072595784, 33.270854747848375], [132.5092161090363, 33.25917322536412], [132.4830106101516, 33.274915251637594], [132.46777836637852, 33.25435686477755], [132.4823823608573, 33.289477531962575], [132.5263712193564, 33.31304427877052], [132.43119119271944, 33.31998210768819], [132.42125216605473, 33.30340822470987], [132.37019408588844, 33.319251892361024], [132.37713992236957, 33.33778508061704], [132.41972788623298, 33.35487064006804], [132.40613182942047, 33.360210774807456], [132.41937666679985, 33.38305241443743], [132.3844318548463, 33.36208986505528], [132.37880675732606, 33.384811946114496], [132.3968201041646, 33.397950017779124], [132.37915050609104, 33.41625218908729], [132.41620962417483, 33.44286435060934], [132.38217972761242, 33.44255261321257], [132.4211529699337, 33.46299069416523], [132.39176077823743, 33.45497302678382], [132.4019989113208, 33.471198721044175], [132.39021182911267, 33.47704764003663], [132.37312686141559, 33.46050089230238], [132.34675083038655, 33.48742555924224]]]}}, {"type": "Feature", "properties": {}, "geometry": {"type": "Polygon", "coordinates": [[[134.34355827539412, 34.545024494784684], [134.3622101948447, 34.54161413518426], [134.33832719784198, 34.43336038697231], [134.3196319967193, 34.458011135205766], [134.2806756940281, 34.44390655944022], [134.28424919604367, 34.46079755866043], [134.31685180286843, 34.46007072118687], [134.29634435810567, 34.47974946766385], [134.26778452673454, 34.46813094628618], [134.23931927436513, 34.415454467749555], [134.22462741882043, 34.42557474827606], [134.24294761344163, 34.45882086499097], [134.23139608256326, 34.47861777519023], [134.20177805401408, 34.4885322251821], [134.16340805443826, 34.46245500019813], [134.14090875523493, 34.46957233289692], [134.1570525032705, 34.49294972115274], [134.1809640861237, 34.48747727905322], [134.15595333297995, 34.50490777527364], [134.17160469500072, 34.52887749480061], [134.18683856025143, 34.51582216166349], [134.23893946818202, 34.52960053173922], [134.26437306096807, 34.55327472055194], [134.3669143317311, 34.56124522478734], [134.34355827539412, 34.545024494784684]]]}}, {"type": "Feature", "properties": {}, "geometry": {"type": "Polygon", "coordinates": [[[133.32101416317312, 36.32777333327277], [133.32452861210584, 36.308823332630766], [133.3437700002853, 36.31088555902136], [133.38591083022072, 36.26831944058978], [133.37008596559485, 36.20564717108016], [133.33946302200093, 36.19600972127165], [133.345164837987, 36.22467886523748], [133.3362199740726, 36.201039865097755], [133.3162017506104, 36.20527646783478], [133.30638605697106, 36.19904774805519], [133.33571741942342, 36.197198586345735], [133.34201228344023, 36.17066294633793], [133.2875530608252, 36.170780000296816], [133.2799044491311, 36.18815333291002], [133.27801832708417, 36.16960777537861], [133.2496108561561, 36.159189053931755], [133.24947364479294, 36.17548130611743], [133.23033583692938, 36.16939138680311], [133.24486111464876, 36.1901588921192], [133.18225360621898, 36.21219333265623], [133.19273525322944, 36.24504913460993], [133.17724111518532, 36.25055250529391], [133.17930165984376, 36.28804417120159], [133.20445778210103, 36.27958055879583], [133.21595769099474, 36.28970978397939], [133.19117499423066, 36.29041610791711], [133.19603832730706, 36.301780559125575], [133.23209778238686, 36.31809361263015], [133.22460360587172, 36.32864861284327], [133.2708019457533, 36.33212499976895], [133.27593138822306, 36.34851027872645], [133.30894583688098, 36.319210837710045], [133.32101416317312, 36.32777333327277]]]}}, {"type": "Feature", "properties": {}, "geometry": {"type": "Polygon", "coordinates": [[[133.20349769106565, 34.31923074820054], [133.19352014284038, 34.30054477502142], [133.21029202325838, 34.29702849506907], [133.19605297006854, 34.27542386481957], [133.15596033709994, 34.298642359957], [133.1376606362295, 34.346210162269244], [133.1736254727374, 34.35791938657047], [133.20349769106565, 34.31923074820054]]]}}, {"type": "Feature", "properties": {}, "geometry": {"type": "Polygon", "coordinates": [[[133.13416686091193, 36.10815259526612], [133.11893841767392, 36.08151489209865], [133.1353647210051, 36.0863338921954], [133.15262778234637, 36.07453861266691], [133.09695444888882, 36.072255000168184], [133.10390666695923, 36.050098613360376], [133.0686788851225, 36.034763333361184], [133.07985036340358, 36.068680945968936], [133.06417894919923, 36.1008562516148], [133.0829922178167, 36.11428944120479], [133.0910567443733, 36.09629405382759], [133.0935180539151, 36.11767500020113], [133.112556666557, 36.12012055901664], [133.13416686091193, 36.10815259526612]]]}}, {"type": "Feature", "properties": {}, "geometry": {"type": "Polygon", "coordinates": [[[133.1405546168022, 34.22087127908634], [133.12641525256197, 34.195345945558984], [133.09676338522206, 34.20460941409323], [133.08142369584698, 34.19268408090568], [133.05387739322714, 34.212152531714025], [133.06418452679452, 34.235302720644086], [133.10781516194027, 34.24166666698312], [133.10741488988538, 34.22109927880871], [133.1405546168022, 34.22087127908634]]]}}, {"type": "Feature", "properties": {}, "geometry": {"type": "Polygon", "coordinates": [[[133.11068642024213, 34.16959666735238], [133.03527197142444, 34.10755741444319], [133.01473469525, 34.109402081341045], [133.01522533118418, 34.14215494599404], [133.02653727637426, 34.158236162369064], [133.0410391960022, 34.149957251825754], [133.02062007815414, 34.17923274839268], [133.02982763943407, 34.19311210783758], [133.11068642024213, 34.16959666735238]]]}}, {"type": "Feature", "properties": {}, "geometry": {"type": "Polygon", "coordinates": [[[133.04358027181217, 36.106610613189275], [133.05711555064227, 36.082934170675514], [133.04623527913486, 36.06089805380219], [133.0075141626486, 36.07419555907785], [133.0129875616267, 36.0978498377998], [133.006344642891, 36.10568933329614], [132.9764511151269, 36.08380083833805], [132.99838610863208, 36.0379891709635], [132.94603693925342, 36.06487805387911], [132.97771138817006, 36.114706946068736], [133.00630555116027, 36.10780361334611], [133.01451250334947, 36.1376163873864], [133.05533693894859, 36.126688891579136], [133.06920499391538, 36.14273610818492], [133.09300389081693, 36.139058053686256], [133.04358027181217, 36.106610613189275]]]}}, {"type": "Feature", "properties": {}, "geometry": {"type": "Polygon", "coordinates": [[[133.05749033680968, 34.257968053582886], [133.05854177738115, 34.22002730581556], [133.03260491588424, 34.208497080775714], [132.96306678300573, 34.19134536000041], [132.9412140343003, 34.204362748042456], [132.9641517512024, 34.22757380218928], [132.99057669276021, 34.224980973093466], [132.99126805377773, 34.260787531619314], [132.96447144040474, 34.26407780204897], [133.01152308672113, 34.2996762250778], [133.05749033680968, 34.257968053582886]]]}}, {"type": "Feature", "properties": {}, "geometry": {"type": "Polygon", "coordinates": [[[132.9207577168952, 34.21412666681226], [132.85051250284982, 34.21275027870246], [132.8381854470008, 34.24215038713072], [132.88354985724015, 34.24412413462119], [132.8874674974271, 34.26230277505306], [132.89998224358578, 34.247391892322014], [132.9268144494274, 34.282711108231126], [132.94221444913762, 34.27739386483506], [132.91334795074738, 34.23489013507174], [132.9207577168952, 34.21412666681226]]]}}, {"type": "Feature", "properties": {}, "geometry": {"type": "Polygon", "coordinates": [[[132.55901719778547, 34.173226973246244], [132.52147097270733, 34.15752094593495], [132.5487511146723, 34.14125694595134], [132.5577919461415, 34.15059999999005], [132.53908972760894, 34.107562775301915], [132.57624000007604, 34.12785222529999], [132.59301861191943, 34.1152052788006], [132.5701355513147, 34.11551305378447], [132.55648749660077, 34.07996861256146], [132.5322797283269, 34.10391527886708], [132.4604649940643, 34.08230805407351], [132.44785583707733, 34.09404861255348], [132.45524055800536, 34.115170829370356], [132.50445527888803, 34.13359666735238], [132.4929919328315, 34.15308924337393], [132.505671166791, 34.18776046807119], [132.5381642541771, 34.19883961295784], [132.55901719778547, 34.173226973246244]]]}}, {"type": "Feature", "properties": {}, "geometry": {"type": "Polygon", "coordinates": [[[132.49892595287054, 34.26712107188001], [132.4713167570627, 34.17888392835067], [132.48999165958753, 34.14217444059801], [132.42875555072817, 34.128511386990965], [132.44483976724155, 34.17918202662929], [132.45718792478294, 34.17786242261275], [132.43758166006558, 34.19595055887123], [132.42879389062557, 34.17310194589811], [132.37211693894562, 34.25860361256673], [132.41981138828498, 34.25799082891365], [132.43917591433706, 34.224967333075995], [132.45776258077854, 34.23093946818199], [132.47411852115295, 34.208456333393144], [132.47091933855666, 34.24454747698451], [132.43310462987483, 34.25030535131094], [132.44577629064338, 34.26662000021287], [132.43414641982145, 34.286028801687905], [132.47474726327562, 34.28350429678591], [132.47969194632628, 34.29626850498755], [132.49892595287054, 34.26712107188001]]]}}, {"type": "Feature", "properties": {}, "geometry": {"type": "Polygon", "coordinates": [[[132.30085902712244, 33.9204996672259], [132.31981360621307, 33.922731108254084], [132.3167260312814, 33.906023053621084], [132.3311774971438, 33.901263279276975], [132.36983693902357, 33.92842249480236], [132.40201917034847, 33.928675278941], [132.41745758819718, 33.95324233266757], [132.47216555069963, 33.94821722504497], [132.4081577816563, 33.909598613285425], [132.37177722364004, 33.91074166689447], [132.37211861168464, 33.861957224846094], [132.34709861171166, 33.86968500026262], [132.33200610909478, 33.85787749535018], [132.33770066125658, 33.88249953182799], [132.289668326732, 33.89076444082633], [132.28855583658265, 33.90214499979197], [132.2680870042119, 33.889563945719544], [132.27931832697925, 33.870850559405824], [132.2201220882638, 33.874507828773346], [132.2081053308964, 33.856755531742465], [132.20392798988485, 33.879070918688], [132.17606600544184, 33.89453502657028], [132.1726798825706, 33.923665585698245], [132.188533916707, 33.93447610758636], [132.18447588785205, 33.95366438720174], [132.20552807985712, 33.949132413829886], [132.23398917016414, 33.96762999972475], [132.2624288853848, 33.94882582864915], [132.28597360599713, 33.95536027925351], [132.30085902712244, 33.9204996672259]]]}}, {"type": "Feature", "properties": {}, "geometry": {"type": "Polygon", "coordinates": [[[132.11844916959353, 33.83006889196582], [132.0878613876929, 33.825622775071054], [132.04991917043344, 33.784588891863905], [132.02792360578985, 33.7946897209539], [132.05472416269004, 33.798499161906875], [132.07882722379736, 33.82790916197831], [132.07140972797663, 33.85840916195332], [132.11844916959353, 33.83006889196582]]]}}, {"type": "Feature", "properties": {}, "geometry": {"type": "Polygon", "coordinates": [[[129.8164963943932, 32.9260370001075], [129.801894526811, 32.91785516238588], [129.7984996373484, 32.95450835977306], [129.7863238645548, 32.948660332908105], [129.78351294356753, 32.90797155914021], [129.8066202717082, 32.908835667332255], [129.81099286632775, 32.89481108086676], [129.79056277585153, 32.88515149514541], [129.78858197138095, 32.867115954837516], [129.81725066118918, 32.863338332797866], [129.8479736714478, 32.83178897328253], [129.85249939003484, 32.860797008774966], [129.86901041489875, 32.84441925174713], [129.8809823086866, 32.88216041387204], [129.93330105130258, 32.85725663958232], [129.95171766493831, 32.86319391876441], [129.9762031906248, 32.83759053217739], [130.0049539948311, 32.84047397269575], [129.93070162118295, 32.9237178742805], [129.92832716007047, 32.96869261277391], [129.95801416302322, 32.99223861312157], [129.94517888499763, 33.01584416207845], [129.876836614818, 33.064370639893184], [129.8212231132561, 33.03738405373116], [129.82009382556964, 33.05395715339995], [129.83759543478152, 33.05932189179191], [129.7981103891832, 33.06622625243966], [129.80734583664116, 33.07631919807261], [129.78792878118838, 33.102897829271456], [129.79647641995086, 33.11272902722288], [129.79794016910364, 33.132737386920894], [129.79399036286497, 33.13838574810387], [129.7864973275897, 33.10410261324506], [129.79308472128298, 33.08170455881839], [129.76604997372738, 33.07667486465334], [129.77012418858055, 33.09938794619683], [129.75828194555538, 33.08855013528057], [129.75779050562744, 33.08048291885166], [129.78133741878696, 33.06192164027152], [129.76627019521345, 33.04999653191447], [129.75665924842565, 33.064242134866674], [129.74203450119137, 33.061751612646844], [129.7493059138369, 33.07753825158909], [129.72882194587612, 33.10011977490774], [129.75419827523024, 33.10004177490805], [129.74364238738633, 33.12149919782979], [129.76080630386787, 33.11380013506823], [129.75760780835378, 33.12761613457701], [129.7738588329189, 33.126287558923764], [129.75784958479062, 33.13131974780816], [129.76560019489318, 33.14322180204459], [129.78727493910995, 33.139479358332125], [129.7545253829402, 33.147330360208], [129.7314183012137, 33.12410653209082], [129.71690024594966, 33.16660910802398], [129.69893422773248, 33.16039419823369], [129.71168241181397, 33.11599063985619], [129.67442455255116, 33.120086828744206], [129.66481581090102, 33.10212030600735], [129.65727907936605, 33.133206919363886], [129.6811812454182, 33.126072918630314], [129.69811055755622, 33.14247613456598], [129.67071814512633, 33.16888682906398], [129.6353333326672, 33.1670489997116], [129.65644819662703, 33.1841861982345], [129.63917389106234, 33.230790000158436], [129.62732097308447, 33.1873541078059], [129.62180263318498, 33.2166128922712], [129.60062147929784, 33.207134919241184], [129.61467452660816, 33.22432127920371], [129.59579939002992, 33.208712494685926], [129.5533529183026, 33.21618610820241], [129.56922817104328, 33.23152138730222], [129.556181089186, 33.24520010799864], [129.57186428001262, 33.27391033299551], [129.59238983082605, 33.27695830628085], [129.58390260672002, 33.29199022516883], [129.6225885857947, 33.30990572127206], [129.59130811907448, 33.304057467777966], [129.56265861180555, 33.32394222465399], [129.57605975405443, 33.33233269429843], [129.56921178989228, 33.37759020662281], [129.64754211417733, 33.364969171390214], [129.67260406032915, 33.39939941375201], [129.68567810566014, 33.38740675731606], [129.66819155559585, 33.36587717998793], [129.70312072564104, 33.347167783966086], [129.74537125757752, 33.36704565833054], [129.77111224403495, 33.354460765951615], [129.78644691339446, 33.372302017624065], [129.81370105056305, 33.30872833334598], [129.85094224358977, 33.28978555875659], [129.82777214007228, 33.31195333278015], [129.8492429179264, 33.32953786488059], [129.827569494037, 33.3371636670696], [129.84864204939117, 33.33666582936456], [129.84679413684, 33.36260177535172], [129.8689022183628, 33.37288769391199], [129.8650174322088, 33.393186657838044], [129.87572940112534, 33.38748708619005], [129.8706495588301, 33.40482182926405], [129.82352610884288, 33.4120311077495], [129.83161177666227, 33.42204459468235], [129.78297180260665, 33.451268314581114], [129.80804364489836, 33.45823810810225], [129.79372165982682, 33.4720441620085], [129.80649389088046, 33.485731667282664], [129.83926639402887, 33.46221389215742], [129.8350002719451, 33.442301946077976], [129.85531627563734, 33.44774571164521], [129.857360220298, 33.46906569372686], [129.83178389071406, 33.474858054355764], [129.84549916975095, 33.47961805442969], [129.8280966667279, 33.5181811078719], [129.85890423708403, 33.51099831443226], [129.83990555120033, 33.52230777478405], [129.8569711151249, 33.51933694624313], [129.8458463943956, 33.55603582919019], [129.87829450129027, 33.53816239617771], [129.87435360643383, 33.51596972082598], [129.89507224438864, 33.55108730603439], [129.93302871590254, 33.54941594568942], [129.92951089541157, 33.53683655896009], [129.9693003894015, 33.511407639950676], [129.9373420883668, 33.480080054151244], [129.95581306062434, 33.46877719840904], [129.96521664083537, 33.48317846771215], [129.9707253831699, 33.45477555904489], [130.03498438412214, 33.451102892384654], [130.04484328119258, 33.496135198280854], [130.1012336063459, 33.51600919836585], [130.12680102544698, 33.51004469400749], [130.12452713372033, 33.52574061293899], [130.16396885897575, 33.55059846784508], [130.16068172538144, 33.56093355863686], [130.1159503110581, 33.54674794586106], [130.1358747208418, 33.56677730562819], [130.0980140604006, 33.56385294595674], [130.08857756230475, 33.58310449467672], [130.10759355429911, 33.597079468242896], [130.1476130220234, 33.59293572140649], [130.1673822178152, 33.632766107569864], [130.2067030606978, 33.62870527912537], [130.21008408621162, 33.66744997313782], [130.23695094742834, 33.6491907750343], [130.2239464718523, 33.63421133338636], [130.23238066113868, 33.61634510844004], [130.2750688589407, 33.60977697282908], [130.2673839946757, 33.59354594558897], [130.26294367121352, 33.60269086459181], [130.25072194576126, 33.599932332711035], [130.27160800330682, 33.58328644101647], [130.33024581069571, 33.599410748407365], [130.36531464912113, 33.58146129889103], [130.35649483766667, 33.59662035984178], [130.37359686100638, 33.60507599975762], [130.3856692477376, 33.59416719815772], [130.38997214040205, 33.609778748090775], [130.41557972772227, 33.60593499980047], [130.3996422958553, 33.61363721558507], [130.41436464291405, 33.61795394611778], [130.40410494228934, 33.634433134981236], [130.4212669782885, 33.64818472144776], [130.40501644565256, 33.65217199973807], [130.43253165960846, 33.65901977504262], [130.4281299215587, 33.68813853236742], [130.36761007774294, 33.66471891914284], [130.360295667611, 33.64386916183241], [130.31809101189071, 33.660929269570204], [130.3764553831095, 33.67308282910932], [130.4582036959439, 33.73616580191026], [130.4710915303499, 33.77183474797528], [130.4593914791335, 33.79085749477764], [130.4477482488826, 33.78629369439852], [130.4439668092209, 33.815420333381724], [130.46952321702292, 33.81441694628512], [130.47751399467518, 33.857855387316306], [130.51800703010042, 33.86057164026903], [130.52510241214668, 33.89008249481134], [130.63564256795019, 33.88542587360524], [130.6632419971205, 33.90114225211329], [130.660796446399, 33.91533049540607], [130.67761666717547, 33.91453777539806], [130.68150708218616, 33.93713380208334], [130.73801369597538, 33.92700810763813], [130.76976642008424, 33.948950305612186], [130.75361330740827, 33.92085305402526], [130.80910124472678, 33.931461251835344], [130.81469902713843, 33.90220958640333], [130.7536366151378, 33.87816305398178], [130.7463296370032, 33.88839510764814], [130.72270138825854, 33.8989447209222], [130.74379555072414, 33.88865416186013], [130.7425699744249, 33.873621494736255], [130.78232367090072, 33.882004748220595], [130.7826363501669, 33.86918187078043], [130.80352786002277, 33.89058725190023], [130.794550311148, 33.874359305737414], [130.80542153007957, 33.87533446761165], [130.80588880702294, 33.8922447752762], [130.82275980532086, 33.90361033265077], [130.8244941370948, 33.920330802424644], [130.84464630378397, 33.92786305443644], [130.8568415046318, 33.92900972062216], [130.85986855968633, 33.92637622508278], [130.85049053191256, 33.914921775119865], [130.86862121869433, 33.92257791863608], [130.84923041535149, 33.909689774863295], [130.85040497937248, 33.89688006615394], [130.8727445266387, 33.91516749508389], [130.8866577167803, 33.906786495300594], [130.86666666723295, 33.898007306292186], [130.8930470815576, 33.89626669365305], [130.884125771787, 33.896110585735016], [130.8776630610015, 33.889432748122886], [130.9150667696158, 33.8957767663847], [130.96456330655144, 33.94690694609875], [130.9629310891985, 33.96213513482866], [131.00224308724876, 33.96984230587776], [131.0238460312694, 33.95963658615955], [131.00091319139074, 33.92460886480734], [131.01582447521946, 33.919603413666664], [130.98720856032685, 33.89995625227925], [131.00476836556766, 33.89155022526273], [131.00283955899852, 33.875031918588206], [130.98636780842764, 33.88204486517844], [130.98287953336387, 33.865025612741874], [130.9990481710363, 33.867825667220814], [130.97882642020318, 33.837449306040696], [130.99109391665104, 33.84660708085215], [130.97632011668009, 33.83436710815556], [130.96037897510962, 33.839043080973454], [130.9566918941157, 33.829614162363725], [130.9766213616865, 33.82570680232709], [130.9608421403526, 33.82219058622661], [130.979692192141, 33.812351828574094], [130.96655605671674, 33.80949833278186], [130.98393664056357, 33.80863253206576], [131.01176920908176, 33.8195905679504], [131.01928382628762, 33.804727918558626], [130.99624936391706, 33.809833639610815], [130.98500846966522, 33.785568694239885], [130.99903678292128, 33.79665802664664], [131.00243418868695, 33.79418389187316], [130.99190702968576, 33.773622531854414], [131.01329172533292, 33.77770079275746], [131.00080809301915, 33.75727774757007], [131.0193252526583, 33.745329162411], [131.01381355425224, 33.731849558810154], [131.10182427996665, 33.61753227019818], [131.12884994796684, 33.63134406267841], [131.23853160824717, 33.601158278631715], [131.25473413687098, 33.616142612591545], [131.27891525283667, 33.58083012630931], [131.42753797962814, 33.56790783786448], [131.43452678288475, 33.57034572107824], [131.43203844421885, 33.574144107564564], [131.43076747104203, 33.5738392517801], [131.42683819722504, 33.57610335978228], [131.4263443579058, 33.57659546790654], [131.42463949421733, 33.57900105365576], [131.4234307784078, 33.58227646818449], [131.4225679508503, 33.58794841408809], [131.42307306137275, 33.59488838698951], [131.4235077558783, 33.58213282936663], [131.4305831388009, 33.57407316184697], [131.42400450090702, 33.593063559136], [131.46972197059256, 33.614501694297815], [131.50497565470278, 33.65653757694764], [131.49989199671836, 33.67128010839036], [131.52934605727478, 33.673095918741694], [131.52336058432354, 33.684331333424325], [131.57550988297476, 33.675066720952486], [131.5855844491631, 33.692608054118466], [131.616211776952, 33.674970468312495], [131.6361277816718, 33.68214694582497], [131.65164107707415, 33.66059481080191], [131.66577027178073, 33.66842666655748], [131.73938313932047, 33.57135422531729], [131.72906221824678, 33.500917224550335], [131.73955555104794, 33.46634361316728], [131.72060661520322, 33.447558225331875], [131.70618165955602, 33.45261833276987], [131.71875166006112, 33.44798444102918], [131.70291888499855, 33.4069372253727], [131.6611563935528, 33.40920805400856], [131.67368775558555, 33.4173676128251], [131.65705654982003, 33.423303766055994], [131.62826023272362, 33.419946684991544], [131.6500925029667, 33.384137774738576], [131.6171270295888, 33.371441747738515], [131.61548527942216, 33.38593749531918], [131.59350474694656, 33.347382333428015], [131.5241442796348, 33.36771253170804], [131.49884357966755, 33.36027041424825], [131.51045040176473, 33.27054224332994], [131.58926953276284, 33.24564991920846], [131.65924922197405, 33.277350774918375], [131.66871089479207, 33.25831503561045], [131.663715694124, 33.27801038716967], [131.68512418942987, 33.26627572104775], [131.6801049939504, 33.279937666690046], [131.70523430561877, 33.274575252146235], [131.71016647190527, 33.26142266722235], [131.71852839167195, 33.26647194592363], [131.733957860367, 33.251450639935115], [131.74421133588453, 33.25295541436094], [131.74677124529683, 33.2438358922127], [131.75837258063018, 33.24028286506223], [131.75458894932058, 33.25234736024254], [131.77932972778478, 33.25466046780639], [131.77138282715578, 33.24108199993441], [131.8744181063106, 33.249528467664675], [131.86776905329918, 33.259471721143086], [131.9026833071889, 33.26780458561319], [131.89201632879065, 33.2452988292776], [131.8757731912798, 33.24455266717189], [131.86934299638222, 33.20183916244741], [131.83280797710654, 33.1810874950919], [131.82856046739175, 33.150114892388444], [131.79836736736013, 33.12715430572666], [131.84343805362334, 33.11430027863503], [131.89868416324362, 33.135665558818516], [131.91441632935016, 33.12290086498297], [131.851485771851, 33.08953708097158], [131.88575308673558, 33.0728537478023], [131.88500905332523, 33.084342693960195], [131.91101719778555, 33.08261889234808], [131.90995674420844, 33.06813761306046], [131.9294771983141, 33.068797135379555], [131.92888499384742, 33.09176333291151], [131.94087985721967, 33.096857747686954], [131.94296778173782, 33.069456108212876], [131.97461583735105, 33.06248877523683], [132.0011689745686, 33.09654963995399], [131.99542832675593, 33.08084055944431], [132.01812191999068, 33.05978046779438], [131.92778693871628, 33.051448892052804], [131.89545630396537, 32.98123808067294], [131.95960610923464, 32.94557166709882], [131.9750392480629, 32.9637481977212], [131.98203080427822, 32.939309053669945], [132.00320749662876, 32.95892082943277], [132.00344693932482, 32.93236749526375], [132.03394472067237, 32.93969027898322], [132.03333472132044, 32.95404138680061], [132.085321607806, 32.932876026807264], [132.02703499377003, 32.93578110771199], [132.00863155610148, 32.92513266703901], [132.00970888455743, 32.90581694629509], [131.97681360596323, 32.92269199963613], [131.98627972772726, 32.889346667015104], [131.99558516222555, 32.899656801620154], [132.01561455256956, 32.89057310756294], [131.96162138831653, 32.84684472060741], [131.94967810556022, 32.85493619804714], [131.95664907899186, 32.84126619807665], [131.94239717269147, 32.836774197771035], [131.96281133617424, 32.81877941383891], [131.96319999978027, 32.83829982927375], [131.98197089504083, 32.82500000014994], [131.97475805434078, 32.84455277499063], [131.98605916989482, 32.84628861312905], [132.00797444936143, 32.82663138742862], [131.97119583701829, 32.79170472109604], [131.94721805416998, 32.806263333086406], [131.93666333274666, 32.78447277519848], [131.9252723353501, 32.80108525168305], [131.92019778210204, 32.78525527890804], [131.89638555095246, 32.78715277468086], [131.88998038868408, 32.804808918896526], [131.89650444942083, 32.764908332553546], [131.87469830088594, 32.790420667280046], [131.87166747137678, 32.751825586281825], [131.88596924778267, 32.74707949512265], [131.8581099999766, 32.73148889219868], [131.8650441632576, 32.71637527889607], [131.85016263259945, 32.72211025198658], [131.8563205577476, 32.69771805434476], [131.8386452786567, 32.69141972074357], [131.8266432683722, 32.70656281112491], [131.78978083022116, 32.6620441620085], [131.77716555064967, 32.674027774862], [131.76536752279299, 32.64261897308717], [131.75059861243608, 32.645330278869324], [131.7736052785608, 32.640116387361445], [131.7553552787232, 32.60280555892945], [131.71246641968958, 32.589637081186424], [131.6931841366387, 32.56646566735674], [131.6845361353345, 32.50916761329478], [131.71433455259762, 32.51981825191086], [131.709974811988, 32.50261155917616], [131.72886299593063, 32.49225766715767], [131.6953723085852, 32.469198801683376], [131.660075357192, 32.48357016223326], [131.64823639399447, 32.45667027881035], [131.63009555116878, 32.45695972111429], [131.65453002594006, 32.45611277468487], [131.65100097291668, 32.43474749540064], [131.67457031067136, 32.454130559178], [131.6799487547313, 32.43003344079074], [131.6540387811649, 32.4288501982781], [131.69005452739464, 32.424098532221535], [131.6435498307601, 32.40775186475679], [131.62902416273494, 32.34244305370402], [131.6018345267421, 32.32305989190053], [131.5777398572087, 32.27264658607112], [131.57506175079925, 32.24047502700097], [131.54821050630983, 32.16866697290254], [131.55492929994728, 32.168750494739584], [131.50814561562777, 32.04662525165412], [131.48676953278778, 32.04137449513689], [131.5075431912653, 32.046278350765306], [131.4751822826363, 31.919268252028246], [131.45964824886767, 31.91601699958494], [131.454460336975, 31.898469414332055], [131.46392927361717, 31.91363719829809], [131.4863614788992, 31.92307105418587], [131.46082175082324, 31.89592394623321], [131.45104916978346, 31.836696000120355], [131.4885450058474, 31.78500471179808], [131.45981639421132, 31.71812749478812], [131.46878333288453, 31.686365558923455], [131.45032472090918, 31.679703613231197], [131.46927472065192, 31.645256945651568], [131.41808338524015, 31.603405972607618], [131.4091816339253, 31.58956877517886], [131.41383697809408, 31.578527387429062], [131.4123443319254, 31.57022433278678], [131.40600367083277, 31.563257559189083], [131.40981552466678, 31.575912053698346], [131.40109732767962, 31.581999559232315], [131.397634448571, 31.558814161844168], [131.38213605673366, 31.55560894569635], [131.38695832676547, 31.523363108021044], [131.37340002619032, 31.506095225414356], [131.38962917025003, 31.48517138734968], [131.36276138812764, 31.470716945630613], [131.3711611153932, 31.42829389224937], [131.33246165997764, 31.396349721362583], [131.34649472075478, 31.363482775010084], [131.31852888529988, 31.36859389199458], [131.30934250305415, 31.390713892232384], [131.25386333322626, 31.380737225342727], [131.23550360620652, 31.405328054446215], [131.2430552790779, 31.42624055925444], [131.2276561094419, 31.424229441335683], [131.2057908044021, 31.453199829408675], [131.17046639400894, 31.451982224699975], [131.16450555079064, 31.47443361342056], [131.13812902693314, 31.460746639645777], [131.10867888472285, 31.47629446811527], [131.0843393387895, 31.459545999748116], [131.09125172498716, 31.44857597320265], [131.05604888494815, 31.448706386590516], [131.01044221803397, 31.361338332597995], [131.1089241631197, 31.330318332924776], [131.10526666712303, 31.31150777486397], [131.0731056157316, 31.291898134991015], [131.07696535666594, 31.27138286522711], [131.13218306119938, 31.281250000087482], [131.06547916962802, 31.227397495198318], [131.01702277598042, 31.227960558932693], [130.98501693858088, 31.179673891636867], [130.99526639412886, 31.16915305397032], [130.9725841629288, 31.166506386960236], [130.97865527921783, 31.150915278617276], [130.96253416262152, 31.138203332717694], [130.8738463939959, 31.095008613356867], [130.83046221805694, 31.09378000004699], [130.76129277574103, 31.055402775317873], [130.7477953826509, 31.060915972893895], [130.7163119461395, 31.045411387425645], [130.71679666723242, 31.02675361338862], [130.68414165960996, 31.02547389160685], [130.68286194592213, 31.003871387354707], [130.66009749690204, 30.994347494940996], [130.67820555134517, 31.062011107926367], [130.6532327756721, 31.070562774752318], [130.7443772241296, 31.131739441122363], [130.7667616601226, 31.18061499978245], [130.75369306108598, 31.211983612653626], [130.7900093643408, 31.251856999900667], [130.8033966282519, 31.33629209040771], [130.75586416300075, 31.425334162241825], [130.7029838261427, 31.457761558649054], [130.69574282677013, 31.4778938557169], [130.6882480027432, 31.4781241262275], [130.6863593131319, 31.482715891924897], [130.7070955382286, 31.53493076644179], [130.6983319461624, 31.555815278952025], [130.76695527876313, 31.563558612639895], [130.7969736063469, 31.62356166733713], [130.81440888516204, 31.626365829019846], [130.80105701676803, 31.631934063306403], [130.82311674444225, 31.65995972076456], [130.79267717261348, 31.702984161589825], [130.73408953300566, 31.70744958602961], [130.72981058389144, 31.72483769360474], [130.67222730174865, 31.727958027241243], [130.68017610894037, 31.73597944119831], [130.62790396919286, 31.71391677543886], [130.60940472135087, 31.68072916232103], [130.61979153035486, 31.659221279338624], [130.56280771740228, 31.597168720959758], [130.56274878123133, 31.55293661293439], [130.54754827543263, 31.549327387149276], [130.53712771667085, 31.533451720720393], [130.5345893900884, 31.505397441438845], [130.52140649801152, 31.50927425240485], [130.53752955894208, 31.502013639717745], [130.53143841834844, 31.48425553216714], [130.51458491636083, 31.494155494980134], [130.5192383656581, 31.471496108358792], [130.54565859926504, 31.478962874437173], [130.5129543060964, 31.4621658291897], [130.52547036256726, 31.410019332825982], [130.55822722380742, 31.38608564014021], [130.5416575883271, 31.384909306219583], [130.56467333310786, 31.322495000044285], [130.62413916968694, 31.274958054370757], [130.66766639358923, 31.267382224809865], [130.64997360559744, 31.244499441196297], [130.6575688847962, 31.220213612668147], [130.62971277562417, 31.210790829233417], [130.62818094689328, 31.20373821624571], [130.64831688711467, 31.203407135331076], [130.6347688846763, 31.185043891962096], [130.59090666690918, 31.175881667305134], [130.58699527880913, 31.155202225402434], [130.5542817253214, 31.178696306089705], [130.5182725027738, 31.165778613292446], [130.50857306089813, 31.213390558827257], [130.4595380542379, 31.25127416187314], [130.36858211357378, 31.251883386908844], [130.36774805887615, 31.266381199261676], [130.35375625184963, 31.24983089208206], [130.29097444941135, 31.269461585983436], [130.2778119197843, 31.245879828591285], [130.26189250313655, 31.264517224890085], [130.21641722357606, 31.248200558808776], [130.22927749735868, 31.268070279020208], [130.21493778215302, 31.27536027885384], [130.229456666592, 31.28140972058219], [130.2005749939409, 31.282425279103393], [130.19906444856554, 31.295733333426654], [130.22551306117884, 31.308648892132737], [130.17325416304925, 31.323964441006183], [130.20969972766034, 31.34752777488694], [130.1316058369399, 31.411866945902887], [130.10679221788666, 31.41122527872369], [130.11583389112127, 31.423988054305312], [130.13577437089054, 31.413191559143172], [130.15977610898028, 31.440186667280898], [130.18668070035415, 31.41032011737957], [130.1865180543648, 31.425671387324712], [130.19271277617372, 31.429524162110454], [130.19310499390042, 31.408608333407926], [130.22557258100983, 31.399028198292797], [130.2714980539921, 31.4268141621439], [130.3129877819606, 31.49081749483156], [130.33499861169662, 31.57904805442422], [130.31551554720562, 31.66246010858535], [130.29869992166414, 31.661092918703275], [130.27543985716375, 31.705262639858972], [130.25211355399733, 31.710127026940768], [130.26281953329487, 31.70823508088432], [130.26350966314055, 31.71495522530347], [130.2505954992829, 31.731681919285222], [130.21195832731496, 31.755939440752627], [130.1860577561606, 31.74919166736163], [130.18549900824542, 31.78042176078169], [130.16613527901995, 31.79441130563731], [130.19756387757093, 31.85042738691442], [130.18231313924002, 31.85516410803723], [130.19761092110718, 31.850564081167477], [130.22404369575997, 31.906924892369943], [130.20364150495152, 31.98304191944908], [130.17314380004643, 31.9918658650177], [130.20768683537926, 32.05876797256394], [130.19286055816826, 32.084479999952066], [130.1837869392159, 32.07086582899484], [130.17133888498165, 32.078300559423326], [130.1757739168329, 32.10573589199788], [130.22729027172875, 32.12884082884125], [130.27065364544944, 32.12827658609564], [130.28371221794453, 32.10984819763627], [130.30951216575386, 32.108117359728396], [130.35236671924872, 32.135760747760344], [130.35998264598243, 32.18092545004953], [130.37801894891538, 32.17645100900694], [130.37764080378008, 32.21170490985378], [130.4023662263204, 32.2353994773041], [130.43235345806045, 32.23116681027937], [130.4281627504107, 32.264416927799004], [130.45065434512196, 32.27218475722083], [130.4486385858022, 32.28745196393703], [130.4682949327868, 32.26975762533378], [130.4642066544136, 32.29556031535634], [130.47759726290337, 32.286957747801864], [130.49093400829793, 32.29917689219985], [130.47033090804507, 32.30050485631409], [130.4650382098456, 32.326256450275025], [130.50704618743168, 32.35368855877999], [130.4862530478399, 32.363217883098855], [130.57543983138316, 32.43419805369729], [130.56495080363675, 32.47600081138836], [130.54249549926794, 32.48454356773152], [130.5651389490033, 32.50543761305545], [130.53115350233236, 32.52003325193306], [130.57332823580953, 32.50955542344411], [130.53615678340884, 32.52585724261769], [130.54383766457659, 32.538237891765334], [130.56239876778898, 32.53790520735947], [130.6327824378593, 32.60211672140963], [130.67422609732856, 32.567713114619934], [130.6171989108011, 32.61728737781027], [130.6538959267557, 32.612836495407976], [130.651661971223, 32.64262561278184], [130.46697418940732, 32.60464224344486], [130.45099020773193, 32.62386188331931], [130.60704642015628, 32.71298731511257], [130.6028183528847, 32.75262924294526], [130.62505420198988, 32.76179155033981], [130.60255874199242, 32.752910963670104], [130.59771025942098, 32.77645862236756], [130.61304220473403, 32.79725206323218], [130.57318461677676, 32.85272447735281], [130.56391862474482, 32.84195519837374], [130.52374595301342, 32.85057091041921], [130.5270987029428, 32.87674964008386], [130.47566674402503, 32.90329516184232], [130.4966523223469, 32.93020419766566], [130.47092099910492, 32.900409287758464], [130.4570200649241, 32.90543451409161], [130.4614212319044, 32.91957823374855], [130.45162006501403, 32.90909323406555], [130.4397358884006, 32.92086408081275], [130.42968329444852, 32.995869413642595], [130.41413669265432, 33.00231376566779], [130.42788213795893, 33.00530597934154], [130.3966290786691, 33.000038918861094], [130.4192396240095, 33.007630694301156], [130.41431267199232, 33.01679902715341], [130.4090661476846, 33.01058747723033], [130.39205522656755, 33.00445400015201], [130.42310664135846, 33.029544161633794], [130.41692474657987, 33.07161710804314], [130.44058972813355, 33.076489440635214], [130.41660841814405, 33.07221210760275], [130.38769202266883, 33.09520725161343], [130.39766374778378, 33.10786189181289], [130.37257900112002, 33.12041966693414], [130.3733094682574, 33.1412870806343], [130.2880119458946, 33.14682291864284], [130.25389669287813, 33.20242944056628], [130.21814972792765, 33.19710416172774], [130.23120639386002, 33.19214194639375], [130.22281089520675, 33.164767080636295], [130.1490894417244, 33.11240249507915], [130.12847398887428, 33.12192123176535], [130.12910569377277, 33.0918482253154], [130.1708026723055, 33.05195735974439], [130.12569450039354, 33.026697463518765], [130.16972610917264, 33.051030558913226], [130.19120333336718, 32.99015472116349], [130.22434241187284, 32.97307855872856], [130.22492128389024, 32.960775639784], [130.19967114335785, 32.95898079333711], [130.20183450076172, 32.92906153166439], [130.15296743170165, 32.899125991171616], [130.19523684760247, 32.848121179648786], [130.24882154337956, 32.87702363113573], [130.29719115424848, 32.881371125676935], [130.34115473370412, 32.85505262158125], [130.38192930009723, 32.779847359568066], [130.3747861613523, 32.73696176597275], [130.35735735405865, 32.74649982001074], [130.37288671944657, 32.737507622079136], [130.34562212675985, 32.70859215290557], [130.35412283979724, 32.68077422535026], [130.31286152973587, 32.65382540531823], [130.2595881576674, 32.65309551374702], [130.25919444886483, 32.6329968917932], [130.23210954611875, 32.6111941525881], [130.18708250305508, 32.611685793064964], [130.19750690012336, 32.60098816217402], [130.16737678321203, 32.590722161798396], [130.16896994840442, 32.62066692843604], [130.13024110224512, 32.639946170879114], [130.126627729686, 32.68897918014511], [130.14227245111283, 32.67789113466819], [130.17132636821736, 32.69221506317467], [130.20201924759021, 32.720447577293896], [130.20579202318334, 32.75552198155424], [130.184022983374, 32.7634130270896], [130.19329007797478, 32.780226865377585], [130.17906067361127, 32.79455832390755], [130.08356652367615, 32.79459755863047], [130.02530639377517, 32.75873249470891], [129.9472694418314, 32.758897585954855], [129.956552607317, 32.74150716172619], [129.92575549921696, 32.70783433288818], [129.9131081453247, 32.71255355859989], [129.89578936378814, 32.66189541414212], [129.83864619996223, 32.641255027097884], [129.8376623614289, 32.62075141434633], [129.7813550580895, 32.57156058575248], [129.76424066097775, 32.58312269355753], [129.73967800313744, 32.56917597309274], [129.73579019526142, 32.58106894597512], [129.78025557663364, 32.603863972844124], [129.81702613464847, 32.65466497281028], [129.8203442795649, 32.68521138679614], [129.80330338494332, 32.67802563997134], [129.79230027233973, 32.6949277476175], [129.83008863808027, 32.70832913538135], [129.81996185455603, 32.695015694119036], [129.83722710844438, 32.68880419815525], [129.8706864328327, 32.748704386598206], [129.84558202339178, 32.72013491899139], [129.81544425414904, 32.71817022497595], [129.82975613533745, 32.743965918992046], [129.8045578339769, 32.74406422478421], [129.8144940601528, 32.75901133310657], [129.7970353054351, 32.76007258618097], [129.80251252922994, 32.77606491896091], [129.7657363549489, 32.800122774746285], [129.77710847017977, 32.81897574843208], [129.74594686055923, 32.822125053728314], [129.73750710806667, 32.8056880808403], [129.71811749722474, 32.83375705414477], [129.7016577166304, 32.83108208097332], [129.6521941119688, 32.9310403603244], [129.63392666708205, 32.92527416187312], [129.62684639364625, 32.97807249494974], [129.6617980539371, 33.00037777531412], [129.6469397275864, 33.037421945766255], [129.67838333312443, 33.06243194617741], [129.65989749687208, 33.069887225215325], [129.67803583688442, 33.077471386994944], [129.66161000030138, 33.07703582914024], [129.68019749681707, 33.09964277539382], [129.71899472112955, 33.08180638725503], [129.7138657463072, 33.071109946167155], [129.72975910509865, 33.07535141423642], [129.72707888528237, 33.046628333430874], [129.74967027236528, 33.060266667372844], [129.76222194558636, 33.048969441386646], [129.73293916990679, 33.01661610774721], [129.73872888473034, 32.98861055913005], [129.75989027241815, 32.993475829346096], [129.76412917022503, 33.02189333311088], [129.81523824914598, 32.995005107599695], [129.82354544696489, 32.970161667027355], [129.79161194563483, 32.968538333177605], [129.8168690006039, 32.953918080754875], [129.8164963943932, 32.9260370001075]]]}}, {"type": "Feature", "properties": {}, "geometry": {"type": "Polygon", "coordinates": [[[131.87771172491625, 33.97058622507427], [131.8196363553336, 33.930697532265356], [131.80426433173363, 33.946606107585865], [131.82144652423779, 33.959232305826276], [131.8206818289034, 33.944778413592985], [131.84738499372259, 33.949987386708585], [131.8413841630487, 33.96669894599961], [131.85808557708776, 33.990051973419895], [131.87771172491625, 33.97058622507427]]]}}, {"type": "Feature", "properties": {}, "geometry": {"type": "Polygon", "coordinates": [[[131.26035766507425, 34.41680447694512], [131.20767394339782, 34.4118386670209], [131.21479844369333, 34.400755585801676], [131.18868555069764, 34.3986438922019], [131.16664282740464, 34.42892202673022], [131.26130108897416, 34.4299266396028], [131.26035766507425, 34.41680447694512]]]}}, {"type": "Feature", "properties": {}, "geometry": {"type": "Polygon", "coordinates": [[[130.96823055839366, 30.638888892308557], [130.94704027189107, 30.637082495161053], [130.94005138756154, 30.669158612779825], [130.97854055810035, 30.725438892391026], [130.9934827893993, 30.72591034218857], [131.00277805436383, 30.784883891678305], [131.05650972814146, 30.839755558672152], [131.08258499440205, 30.788955558752093], [131.0785749938409, 30.696371945908652], [131.05187499373608, 30.659928054036527], [131.0550866670161, 30.604797224912033], [131.02921167192218, 30.587772306378493], [131.03487832687335, 30.566543054418503], [130.99934981803972, 30.548110315039082], [130.9627697283404, 30.4800850001227], [130.9813016602435, 30.398770000435206], [130.9651122176548, 30.392040279135642], [130.96791194567982, 30.372813333168835], [130.93679221838624, 30.375411667014873], [130.8701883269298, 30.346758054340796], [130.84871944214865, 30.464985829032855], [130.86945306101006, 30.463797224762175], [130.90259749677716, 30.501804999900855], [130.95343696524378, 30.592929441140825], [130.9492033329675, 30.635646667259948], [130.96823055839366, 30.638888892308557]]]}}, {"type": "Feature", "properties": {}, "geometry": {"type": "Polygon", "coordinates": [[[130.71899155621543, 31.59102255894402], [130.7102648903125, 31.567319251881997], [130.72135785957767, 31.56578802659618], [130.72384019526885, 31.562036892288802], [130.68230263325995, 31.544457224621283], [130.63913961140406, 31.545138053678272], [130.59194626520798, 31.581069991187178], [130.62462263262842, 31.61979091881591], [130.67886949383217, 31.629317666577094], [130.71899155621543, 31.59102255894402]]]}}, {"type": "Feature", "properties": {}, "geometry": {"type": "Polygon", "coordinates": [[[130.49939165999717, 30.45272472136884], [130.67165749669618, 30.376017775000378], [130.6555222175764, 30.312460559107592], [130.66522610929758, 30.315468332697435], [130.58220250294323, 30.2388827750201], [130.52222360583482, 30.2263413873452], [130.43699527910894, 30.239398892345037], [130.3909869389961, 30.322268613006145], [130.37853055793892, 30.392925278578787], [130.41961972786817, 30.396393891764717], [130.4622297278197, 30.434196946132204], [130.4641274969864, 30.457091667346617], [130.49432444881427, 30.454582774675373], [130.49797917040246, 30.46946582878502], [130.49939165999717, 30.45272472136884]]]}}, {"type": "Feature", "properties": {}, "geometry": {"type": "Polygon", "coordinates": [[[130.18901473424262, 32.548771459335455], [130.20859849522446, 32.47231008094553], [130.1969742541586, 32.45850013477343], [130.2088035733119, 32.436045653982994], [130.2046279119486, 32.45141541419008], [130.29118511020476, 32.48433989197247], [130.31572535693977, 32.51758786488813], [130.38461726307628, 32.52433806285137], [130.3792099345909, 32.51153696356005], [130.38751826195823, 32.51870115273607], [130.39667568063817, 32.50095226143776], [130.41758421493967, 32.52462711664816], [130.4606667438752, 32.53029236889773], [130.4063135540274, 32.43520318008274], [130.42396776919725, 32.43250705395741], [130.40213446203586, 32.426962216433196], [130.40401744544886, 32.39443757723245], [130.35376648523516, 32.37663057713945], [130.34497260670048, 32.39484474798678], [130.36190564203184, 32.4015807483529], [130.34937499406078, 32.42171688282792], [130.32934226992984, 32.39791316196289], [130.28601778199516, 32.39741000027135], [130.2745555250175, 32.412347892341415], [130.23373555095498, 32.38526972102085], [130.2461149293606, 32.40841917970141], [130.2090223609227, 32.43524034128611], [130.2167940601978, 32.42031602686319], [130.19329702973425, 32.38787349486597], [130.21944114089604, 32.39251394626166], [130.22494422829357, 32.36594313466799], [130.20440527938024, 32.32514722466476], [130.1720630613612, 32.31089389203953], [130.17739277565613, 32.33869861305061], [130.15753843115374, 32.33518479274403], [130.1396105837615, 32.29737210843609], [130.16647082956524, 32.29588055944032], [130.145015279032, 32.28145305421515], [130.13666194599205, 32.291583891883135], [130.10675610920714, 32.25352916224108], [130.0915600001939, 32.25410138736919], [130.09826082987342, 32.229016387096635], [130.07978556425246, 32.24253376582067], [130.07761416286337, 32.21210249473438], [130.0450558368575, 32.19908972111381], [130.02878472143777, 32.214477080852646], [130.03218044097468, 32.1955949457502], [129.9995249935837, 32.19064833275439], [129.9902844487683, 32.19985472131839], [130.01465027199254, 32.22228222494476], [130.01109666657794, 32.23903749488454], [129.98833444877584, 32.24014777539958], [129.9988293769742, 32.25388984703886], [129.96719693898763, 32.2431238919541], [129.99190639406493, 32.28487166689399], [130.0241552786432, 32.30174027929053], [130.03395761285367, 32.27485144134101], [130.0284083272826, 32.29864555924519], [130.04995693876174, 32.30475722506594], [130.061084851185, 32.2759858200896], [130.07169111455335, 32.300332774637866], [130.04063861158272, 32.31493666659395], [130.03073027158484, 32.3031666670081], [130.0268947206149, 32.31617305364358], [129.99422082992737, 32.306538053588326], [129.97688444865844, 32.32913916234253], [130.00369313902718, 32.42455565761753], [130.0379496368663, 32.466487180239255], [130.0384385595919, 32.474843829079475], [130.03122542211565, 32.476943053579134], [130.0312453313071, 32.48609853242141], [130.03513700356996, 32.476003864586744], [130.0474167191063, 32.49174646822496], [130.01260499422517, 32.529770414073425], [130.0376983267165, 32.536025135052], [130.04595953320597, 32.51259108141335], [130.11836965013936, 32.548275810580265], [130.1597888460784, 32.55112268466422], [130.18901473424262, 32.548771459335455]]]}}, {"type": "Feature", "properties": {}, "geometry": {"type": "Polygon", "coordinates": [[[130.44127778234383, 32.59500155877498], [130.45992604425157, 32.58880103633879], [130.44228171173165, 32.57188484710804], [130.4532583662807, 32.55381235095928], [130.40515833978566, 32.55077108122049], [130.41951036311286, 32.57505835136186], [130.39374858612837, 32.58633011664165], [130.41056897507815, 32.61446092822928], [130.42515352801297, 32.603764532107505], [130.41958795122298, 32.61752910838169], [130.44314693868034, 32.62586603598885], [130.45810645944562, 32.614024721064084], [130.44127778234383, 32.59500155877498]]]}}, {"type": "Feature", "properties": {}, "geometry": {"type": "Polygon", "coordinates": [[[130.23518666733094, 30.470105828621172], [130.26408972765887, 30.43442472102413], [130.20975499369808, 30.4220761084257], [130.19142250264645, 30.441499999625307], [130.19547472098168, 30.461630278614507], [130.16901111487107, 30.456645000166702], [130.14297888476779, 30.489379441308245], [130.23518666733094, 30.470105828621172]]]}}, {"type": "Feature", "properties": {}, "geometry": {"type": "Polygon", "coordinates": [[[130.18586250255248, 32.16427582886644], [130.2045439692289, 32.16970061319279], [130.2097733326732, 32.15512555889745], [130.17108232189173, 32.13379948555786], [130.1778641634005, 32.11761249542036], [130.15718389142353, 32.08951972065864], [130.1111336060311, 32.125788054075485], [130.11557892342864, 32.15714486514344], [130.09073306098207, 32.18064444068841], [130.12187107688874, 32.20036404516458], [130.10675888541425, 32.21480361299638], [130.15532285326708, 32.19711516243484], [130.14550805355384, 32.21707110784541], [130.15558944199927, 32.22837472081676], [130.16448600512513, 32.21227499999128], [130.15894944226307, 32.24497194569881], [130.18665972816393, 32.26895582864864], [130.16804094693225, 32.23112982897845], [130.20051805426488, 32.19762333335018], [130.18586250255248, 32.16427582886644]]]}}, {"type": "Feature", "properties": {}, "geometry": {"type": "Polygon", "coordinates": [[[130.03414027235578, 28.358426666557477], [130.0015605577736, 28.337919441229303], [129.96379082958322, 28.279545279091394], [129.9445766665799, 28.27431972067859], [129.9152516596364, 28.296489162045248], [129.92206757465885, 28.32301514423358], [129.95269395636103, 28.327237206731752], [130.01914805403953, 28.378522495217055], [130.03414027235578, 28.358426666557477]]]}}, {"type": "Feature", "properties": {}, "geometry": {"type": "Polygon", "coordinates": [[[129.90500267173593, 31.868309802355554], [129.93903949397748, 31.87021705397393], [129.91954549882576, 31.844526198425342], [129.92978299608842, 31.824034829044194], [129.90393547324356, 31.824935305819736], [129.8711090530404, 31.801130333098456], [129.87343185529596, 31.820505559284186], [129.85455994818312, 31.824886891716744], [129.8587525030257, 31.837733892405254], [129.84544391720306, 31.829990054197708], [129.84114775596424, 31.850301161669336], [129.85928538281428, 31.85207644137472], [129.86521299608296, 31.859893639979532], [129.84683708216562, 31.855376829177374], [129.8420783267535, 31.86983182937547], [129.8347687163033, 31.837293414359635], [129.8180770041505, 31.849656080663635], [129.83522778243628, 31.88202041391105], [129.91072466940807, 31.84294505357144], [129.90500267173593, 31.868309802355554]]]}}, {"type": "Feature", "properties": {}, "geometry": {"type": "Polygon", "coordinates": [[[129.82869389121015, 33.39061916174495], [129.85869169896284, 33.375548161918175], [129.8076191702885, 33.35055555889198], [129.81354416293289, 33.39977110805023], [129.79696778163793, 33.414641107601085], [129.83173555125472, 33.405831386609236], [129.82869389121015, 33.39061916174495]]]}}, {"type": "Feature", "properties": {}, "geometry": {"type": "Polygon", "coordinates": [[[129.78156780800805, 31.789958441129215], [129.80187878058132, 31.763829252418134], [129.76881841793568, 31.712932586169984], [129.7388682490705, 31.70521425183631], [129.7440505581868, 31.687486494606105], [129.72506461703847, 31.669518559034316], [129.73842369619672, 31.656232279096457], [129.7139075620844, 31.622018613268438], [129.70715552500758, 31.637364999894885], [129.68868428025542, 31.621262000141257], [129.6647521658798, 31.634125694045622], [129.6581103632028, 31.659207613240824], [129.6822479124113, 31.662562999982526], [129.69687703035072, 31.716498387290812], [129.77619089459415, 31.741465305679355], [129.78156780800805, 31.789958441129215]]]}}, {"type": "Feature", "properties": {}, "geometry": {"type": "Polygon", "coordinates": [[[129.76762046701106, 33.83832282923521], [129.7650284949691, 33.81244936004998], [129.74863572016238, 33.80667041370867], [129.79944678264292, 33.788395667226325], [129.7579338908365, 33.77568977466342], [129.7984494416885, 33.763426720866505], [129.78851377399155, 33.742051864701864], [129.73445080436124, 33.73930377484936], [129.7161507257755, 33.703868026588225], [129.6768514396423, 33.72744866702243], [129.68736131007643, 33.741818864748836], [129.67399280242591, 33.759044918987854], [129.6534502463319, 33.738118359574685], [129.64483674392068, 33.77244489211813], [129.68603280187233, 33.75965986461114], [129.677915084014, 33.77781372062674], [129.65918841831092, 33.776179279250414], [129.65057007844644, 33.80001594587924], [129.66710092077096, 33.80060733286217], [129.6496369131131, 33.80687782884877], [129.68869664143688, 33.80546963981209], [129.670096304401, 33.825247693925974], [129.6768519459606, 33.84782672072663], [129.7100528663468, 33.862598134796144], [129.76762046701106, 33.83832282923521]]]}}, {"type": "Feature", "properties": {}, "geometry": {"type": "Polygon", "coordinates": [[[129.75494722433496, 33.47044972067812], [129.79324333291356, 33.43023833313259], [129.76343693866386, 33.43361416236377], [129.74470693917397, 33.406803613096315], [129.71889138812708, 33.41423305371251], [129.74527509666848, 33.429929990676555], [129.75494722433496, 33.47044972067812]]]}}, {"type": "Feature", "properties": {}, "geometry": {"type": "Polygon", "coordinates": [[[129.4047594420946, 28.157610278591562], [129.33719778165232, 28.168914441048685], [129.3738186124391, 28.1354588920143], [129.38031472134742, 28.112975278786166], [129.3663380543578, 28.11164889208277], [129.3585247210391, 28.136022224646013], [129.33302583657314, 28.1291488924075], [129.29570472079627, 28.1484150002521], [129.28329917032056, 28.19744027894575], [129.26314111487056, 28.183061386573797], [129.29413250261302, 28.223099161796938], [129.2623569393213, 28.21523722461825], [129.27712841814207, 28.231513494951855], [129.254344552759, 28.233388720812854], [129.24715333266022, 28.203608612847233], [129.21857832702824, 28.229091946236395], [129.17771805434484, 28.223674441022695], [129.1703266667423, 28.242472494909748], [129.15196527867477, 28.236491945746764], [129.13550250333788, 28.255031946367296], [129.1631480542394, 28.249076946044283], [129.13488693898114, 28.255194441270476], [129.18074999991268, 28.270891666916953], [129.21209527897406, 28.25264861344283], [129.22698416338847, 28.273624161625833], [129.24959472131934, 28.2525363870447], [129.25523138771848, 28.26541499980243], [129.27430936368626, 28.261433720889556], [129.29360927434857, 28.284571413739798], [129.24927416337198, 28.27390055926344], [129.21083250311756, 28.306141386815625], [129.31441610881643, 28.333245278746688], [129.30974111536023, 28.348511107701484], [129.3391044487114, 28.368511386990974], [129.3666888852839, 28.35462416207548], [129.3890552269172, 28.373562585744764], [129.40104778172986, 28.355970829390287], [129.41128972793865, 28.364431667387578], [129.39456027213896, 28.385586107812685], [129.4466245533805, 28.380131332894734], [129.46371487743966, 28.413823477371636], [129.47926339838716, 28.400145702762018], [129.49005730170313, 28.413028062994783], [129.4993657327425, 28.38245705434963], [129.5228960309272, 28.40101458635411], [129.51097390382267, 28.41099493686687], [129.51830888504708, 28.44114361308732], [129.54239666667286, 28.45863610767026], [129.55027166020898, 28.438593613304647], [129.5458933333108, 28.462057775346125], [129.55985499421263, 28.44812972120974], [129.62230472108604, 28.47801333304892], [129.58962421498563, 28.413718963559347], [129.62053832668255, 28.450888054340282], [129.62032976670548, 28.418147981644097], [129.63911036295292, 28.41616902707898], [129.64719166006716, 28.433405278730675], [129.65194916991834, 28.421969720825984], [129.64788138791573, 28.468077224684237], [129.66584980462483, 28.438966892208384], [129.67418600468045, 28.461590162056382], [129.6455386117176, 28.500306387130138], [129.69004083022025, 28.529988054405237], [129.6937199998781, 28.490432494763866], [129.719196666593, 28.47446972090097], [129.71015722367702, 28.421842494635484], [129.66491444944234, 28.39767582897639], [129.61257884633676, 28.400592973387063], [129.56570749700347, 28.335460558957664], [129.53353693887868, 28.32745277512555], [129.5378380535834, 28.306494440865777], [129.48572639425777, 28.289003333037442], [129.45782749714135, 28.295631946257345], [129.45995138824605, 28.26782333298047], [129.44278389066403, 28.245670000270366], [129.40755693890162, 28.250120558916706], [129.47717138824908, 28.211576946119237], [129.40335749705093, 28.191400000409715], [129.4047594420946, 28.157610278591562]]]}}, {"type": "Feature", "properties": {}, "geometry": {"type": "Polygon", "coordinates": [[[129.5545455506367, 33.40954416213344], [129.57014737979785, 33.35710004503113], [129.5457928529579, 33.34869768455053], [129.54437247720807, 33.330668532127106], [129.51384632944462, 33.330446108201386], [129.52736805369284, 33.30294833299922], [129.50046360621047, 33.300580559245475], [129.5122367444303, 33.29027980187141], [129.49496917029103, 33.28255277469083], [129.49274805437926, 33.29068166662569], [129.4767615564008, 33.28797838729281], [129.50473832671253, 33.269474721081565], [129.4638097280366, 33.2141027747233], [129.39366832723158, 33.17334805366977], [129.34851027183163, 33.18229389244925], [129.3566699997208, 33.20754277527891], [129.36518878103743, 33.18734180238232], [129.3999161998728, 33.18003091939147], [129.40738791222248, 33.195958224892195], [129.38041610911625, 33.207990000038535], [129.38227250317357, 33.22763110808921], [129.4348954216864, 33.23599619796619], [129.40368444917806, 33.26537416238773], [129.42403389115123, 33.29068582868808], [129.44716455310174, 33.29179799957808], [129.43252749684655, 33.314385828942875], [129.4416274974111, 33.35214861256844], [129.49862444855955, 33.355429720705104], [129.5122100003913, 33.381736666713834], [129.52406275019587, 33.354530027239036], [129.5246813884354, 33.38015277533037], [129.55243503155157, 33.38127426139812], [129.52194111459085, 33.386883332999446], [129.52412250295117, 33.40672499975898], [129.5545455506367, 33.40954416213344]]]}}, {"type": "Feature", "properties": {}, "geometry": {"type": "Polygon", "coordinates": [[[129.4497910510163, 34.706444261193724], [129.48268565511898, 34.694496197641456], [129.47141394289918, 34.67790922503076], [129.49402147910803, 34.68350653170114], [129.48410601827823, 34.667570080994494], [129.49755885895422, 34.6689918381029], [129.46531826162857, 34.6543394861784], [129.4912572761025, 34.64514244067118], [129.4710010767384, 34.62745880238185], [129.47964931276567, 34.61733318887559], [129.46043687376277, 34.61375677485535], [129.44660430604392, 34.63179905378337], [129.45789309998668, 34.61266331525985], [129.44013399508788, 34.62372783806933], [129.43319350237834, 34.61727934196813], [129.47940955890408, 34.59512200907352], [129.4735455636769, 34.55552621556245], [129.45663786044895, 34.55421805362033], [129.45128107656046, 34.52302893733565], [129.36829507086088, 34.452710477106905], [129.38570393029227, 34.42777908103983], [129.3689272367027, 34.43998826994277], [129.36499294376938, 34.41976400010856], [129.37543454037177, 34.42603199957716], [129.3794829959436, 34.41181764896538], [129.35173345013868, 34.3859832247461], [129.3994861998283, 34.41310868511778], [129.3911671210658, 34.382940829056054], [129.37368496778709, 34.3890705586594], [129.3734405842157, 34.37078338714366], [129.39349726268858, 34.35981844986162], [129.36474147893614, 34.346367306206275], [129.39472871605744, 34.33509330611122], [129.36432845719264, 34.33858342298663], [129.3796114137358, 34.312906873853194], [129.36124595263868, 34.31936028834667], [129.37127199680526, 34.31176134171261], [129.35291610899128, 34.29553263112609], [129.35668644562304, 34.30956491938559], [129.345225396435, 34.299741414234916], [129.33313830129168, 34.31864411683256], [129.35406927367808, 34.31843797333386], [129.34323741897174, 34.33658939578402], [129.36050273671196, 34.33979513533728], [129.33995219194014, 34.356540594572834], [129.3555931128319, 34.374753161928936], [129.32045570656567, 34.370313342087115], [129.32584152956304, 34.350700810893784], [129.30774675720716, 34.336816486291866], [129.29976620034995, 34.34963393705658], [129.31238767804894, 34.360031865278415], [129.29832769067048, 34.36836474773497], [129.30912387826447, 34.38601663995604], [129.28102680923996, 34.3834143418984], [129.29260162086814, 34.373287044861286], [129.27792313914165, 34.364009224945846], [129.2989322958888, 34.35488160440258], [129.28777076500887, 34.356690251653845], [129.29207841778486, 34.34910396387687], [129.28791212674332, 34.33914731499664], [129.28881530508238, 34.347421144370344], [129.280900752168, 34.354504972826305], [129.28367662837377, 34.34355175730781], [129.22732381304365, 34.362396612813484], [129.24377900080026, 34.369302468134435], [129.25117149187088, 34.35484783755771], [129.27652583729764, 34.373139261068104], [129.2717002460696, 34.41392828766038], [129.28527874182055, 34.41523386495095], [129.2737414139351, 34.44081948633027], [129.2949094808879, 34.43285731521297], [129.299566602117, 34.45350115295588], [129.3119763155546, 34.44994074776736], [129.30449680878075, 34.46418953162163], [129.28168105073996, 34.448318819557926], [129.2739053963171, 34.46899130610393], [129.31824509743342, 34.53698954962806], [129.32855256824644, 34.527940126036015], [129.3449503109082, 34.53237177463774], [129.32828466920216, 34.53346178443388], [129.30785660220045, 34.567607549648756], [129.2857325163426, 34.562765314667615], [129.31974024641534, 34.6472001893373], [129.39651953334987, 34.639595585967584], [129.38351737982327, 34.64856086539169], [129.4083276650897, 34.67833500006026], [129.43479686138608, 34.673193864605196], [129.41513931282907, 34.692104622430406], [129.4497910510163, 34.706444261193724]]]}}, {"type": "Feature", "properties": {}, "geometry": {"type": "Polygon", "coordinates": [[[129.22236171192355, 34.29052735984982], [129.2559277561611, 34.31155405427626], [129.256693527984, 34.29222586533149], [129.2799208562626, 34.30607740514819], [129.28197498066095, 34.28459876632007], [129.29094456513963, 34.27778566707491], [129.28942071339532, 34.304388035879185], [129.27339057131792, 34.31067580244638], [129.2654727367775, 34.32115615263439], [129.26675398201075, 34.32828965784148], [129.29465538283966, 34.32021485563115], [129.29640933872008, 34.300465559138274], [129.3013569256816, 34.30971160420722], [129.3100751100783, 34.3082349641723], [129.29983577190342, 34.29656922478995], [129.3051566539565, 34.276924495169396], [129.30522422811566, 34.286488107939874], [129.30849631605224, 34.2891665138236], [129.3072886767311, 34.286446323638984], [129.31815882007356, 34.27598686470208], [129.31534574610941, 34.29894988313066], [129.34811811885618, 34.29723835096917], [129.3460027371367, 34.286199090115986], [129.3515439294344, 34.28067885151006], [129.3577529696239, 34.29888897294779], [129.39316046658234, 34.296769063141824], [129.31686464258928, 34.26146805400754], [129.32594810642001, 34.22636909915468], [129.29796848166018, 34.222031035803695], [129.2992940472825, 34.19461088288597], [129.28886181621988, 34.19996691044463], [129.28271413704783, 34.187374297385986], [129.29731928715546, 34.186506054111135], [129.29604944172843, 34.16178524329439], [129.28299489010215, 34.16474863983791], [129.2852584818935, 34.144961658154045], [129.27371915661388, 34.14489002715311], [129.28247692556977, 34.13078767631026], [129.2542844096978, 34.126416667195485], [129.26242940309453, 34.116688901171926], [129.2399002976607, 34.10161862170207], [129.23124574569465, 34.11345789156849], [129.21417579757508, 34.083927829305935], [129.21416983057327, 34.11307655923588], [129.20275258106687, 34.10345481968426], [129.18385510982557, 34.118664135241715], [129.16810003888577, 34.10157422487066], [129.1675897923351, 34.14189572091084], [129.20536478605607, 34.33152121603132], [129.22781705611226, 34.324199586142015], [129.22236171192355, 34.29052735984982]]]}}, {"type": "Feature", "properties": {}, "geometry": {"type": "Polygon", "coordinates": [[[129.2032388849666, 28.18141166661519], [129.24118861156524, 28.15060749523974], [129.25587082997492, 28.17405110777247], [129.25971416277844, 28.157502775432818], [129.27011555069214, 28.1677491615946], [129.27487527917083, 28.151116667100553], [129.24495472138335, 28.148796387443383], [129.26145805434578, 28.14452638658355], [129.24217000034525, 28.137593531816094], [129.24523625235122, 28.12211225227867], [129.27502194600606, 28.14204416240824], [129.26028166017056, 28.11706055889772], [129.28764444893227, 28.12603249510363], [129.29510749721328, 28.107526666922183], [129.30272944221008, 28.122202224952787], [129.3210805582213, 28.100888054140455], [129.34283027159984, 28.11850277468335], [129.35475972817892, 28.10483805373326], [129.34102472071436, 28.07689916196682], [129.31821972755847, 28.062029162415968], [129.31817111470525, 28.097106666639377], [129.29190778221846, 28.09098444097924], [129.288539441642, 28.06474472109204], [129.27451693890566, 28.065946387116128], [129.2510572240118, 28.111266108244365], [129.2153149939918, 28.07702805370178], [129.219824449239, 28.139728053806664], [129.19502805400157, 28.144934441371447], [129.17563083039852, 28.187831945587845], [129.20940499394533, 28.201226946366546], [129.24002277633008, 28.193876387085652], [129.2032388849666, 28.18141166661519]]]}}, {"type": "Feature", "properties": {}, "geometry": {"type": "Polygon", "coordinates": [[[129.32656059689407, 34.33637417992452], [129.3240578726727, 34.324732667378726], [129.33593049299793, 34.31611432391696], [129.33361968859776, 34.3044715676088], [129.31587940291217, 34.32521778417345], [129.2905397542064, 34.32364720725286], [129.29750954592885, 34.337130260653055], [129.31773535720106, 34.32575691874683], [129.32656059689407, 34.33637417992452]]]}}, {"type": "Feature", "properties": {}, "geometry": {"type": "Polygon", "coordinates": [[[129.12079805368728, 33.107073332968014], [129.09125389095436, 33.03848027874193], [129.08707522704015, 32.98420366706563], [129.12178944202924, 32.98437772095514], [129.16554972793767, 33.008793053656575], [129.18329916962102, 33.002163333371186], [129.18309250271693, 32.972991667131794], [129.14041888472377, 32.93683444135644], [129.11780444891622, 32.93851861344331], [129.10159406021774, 32.96152094573512], [129.10939527876917, 32.926425278803606], [129.08441705590246, 32.926253612614175], [129.09546832720162, 32.90332777485696], [129.08117360597714, 32.89584819793606], [129.1001774966942, 32.859923053905845], [129.06607608334468, 32.86251780215491], [129.05939250266192, 32.81631333339368], [129.04325999974924, 32.82233444108164], [129.03980583686996, 32.88167805439872], [129.0498569388467, 32.87439972057069], [129.04294472082222, 32.8856019457732], [129.05765055812685, 32.87825638672291], [129.05998749682556, 32.88899610768425], [129.037988611885, 32.90850222479787], [129.06026027199403, 32.89525082866288], [129.06778792487285, 32.90435136882064], [129.05069608275812, 32.92145310797463], [129.02621444933743, 32.919529162241076], [129.04097749701396, 32.92999861264593], [129.03552579777738, 32.94582136926084], [129.0228286115513, 32.932039161777936], [129.01474830099335, 32.949115801752896], [129.00673778232283, 32.94018527932724], [128.99169055787297, 32.943849441098905], [129.0049392740283, 32.945477035936506], [128.997057496906, 32.96509222462652], [129.01231138826006, 32.97650333266273], [129.03001999982325, 32.96058833258553], [129.0476802719271, 32.976250278727434], [129.04992693937686, 32.95939361292494], [129.0658077166529, 32.980983666962686], [129.04377583738506, 32.98644889200284], [129.04229944196572, 33.027717775255155], [129.06817722429957, 33.04596472099513], [129.06967871619986, 33.019709945557565], [129.08809281533127, 33.02460418023878], [129.07422832707573, 33.056517495386174], [129.10764583658613, 33.08787194573375], [129.09428360620348, 33.121414720912696], [129.11300194598311, 33.164249440759136], [129.1029833329145, 33.12416027917362], [129.12079805368728, 33.107073332968014]]]}}, {"type": "Feature", "properties": {}, "geometry": {"type": "Polygon", "coordinates": [[[129.15687754925955, 33.27191217071015], [129.09680839169403, 33.248099278558925], [129.0697771982592, 33.27094349474652], [129.13430494181966, 33.30311308070418], [129.15687754925955, 33.27191217071015]]]}}, {"type": "Feature", "properties": {}, "geometry": {"type": "Polygon", "coordinates": [[[129.0459622178821, 33.21910944084806], [129.09792778234134, 33.21536694632755], [129.07974661481444, 33.207944495242316], [129.0889386124271, 33.186061945702306], [129.06371347619609, 33.19489591871172], [129.04965749709584, 33.182802774728316], [129.02836496756925, 33.20138966689967], [129.0459622178821, 33.21910944084806]]]}}, {"type": "Feature", "properties": {}, "geometry": {"type": "Polygon", "coordinates": [[[128.95699805431684, 27.859091666747076], [128.97161082977607, 27.855310279246055], [128.96871722422054, 27.81758889231361], [129.03795916987985, 27.76881944106441], [128.98714639419086, 27.670163891750235], [128.93621360577333, 27.66099582869458], [128.8808738911173, 27.722593054026277], [128.90691805432482, 27.76454722517434], [128.8798524249495, 27.836812359702662], [128.89978138800075, 27.892951387296762], [128.9070423874898, 27.882590998743794], [128.97242666685725, 27.891884721202985], [128.9759147206879, 27.872372774683868], [128.95699805431684, 27.859091666747076]]]}}, {"type": "Feature", "properties": {}, "geometry": {"type": "Polygon", "coordinates": [[[129.01591027184168, 32.923644441038164], [129.02683805363336, 32.8443616672572], [129.01399014283083, 32.86792916230104], [128.98057182932655, 32.85848880161694], [128.96575083023674, 32.8726616674021], [128.96164944236796, 32.903629721334596], [129.00441075235437, 32.88154269384029], [129.0013372500141, 32.90254146791449], [128.98044165965496, 32.904148613068116], [128.9825261091927, 32.93013833311761], [129.01591027184168, 32.923644441038164]]]}}, {"type": "Feature", "properties": {}, "geometry": {"type": "Polygon", "coordinates": [[[128.96472306072076, 32.851441107920834], [128.94182416305478, 32.828060000069], [128.9520600001689, 32.8157016666986], [128.94044389077305, 32.79958194585015], [128.935091660152, 32.82875889200932], [128.93439094708458, 32.81597986477897], [128.9142744493065, 32.82078666737084], [128.92877333282308, 32.823318332674944], [128.92007832665354, 32.84323722511789], [128.87263499410972, 32.861818054059995], [128.90674111541023, 32.87476861258148], [128.93316832685684, 32.83789305422113], [128.92258888486924, 32.87011777491546], [128.94310332006228, 32.84927818893732], [128.94157527927575, 32.88467500015116], [128.96472306072076, 32.851441107920834]]]}}, {"type": "Feature", "properties": {}, "geometry": {"type": "Polygon", "coordinates": [[[128.90121749738967, 32.786783054394505], [128.87937752265464, 32.763535360068886], [128.8361711148052, 32.7792780536393], [128.83782444913913, 32.8383258286741], [128.8612363938446, 32.83490333272266], [128.86260516199866, 32.801835919392204], [128.87737758780554, 32.798747640291424], [128.87933194591267, 32.80426082887419], [128.86160944162248, 32.843613891767745], [128.90064306082866, 32.82164889238254], [128.90121749738967, 32.786783054394505]]]}}, {"type": "Feature", "properties": {}, "geometry": {"type": "Polygon", "coordinates": [[[128.81966477271112, 32.76025780155635], [128.80360201042447, 32.75185538711645], [128.8134604668271, 32.746998973423956], [128.8335491701581, 32.76080749506991], [128.83858472070835, 32.756167774822984], [128.82978015642914, 32.75425708959307], [128.82465575915603, 32.743864089656086], [128.82676442293985, 32.73982394561864], [128.83265610919216, 32.752124720579445], [128.85556221762226, 32.74601277506957], [128.83922072575592, 32.71353380164368], [128.84873555120475, 32.68885549458548], [128.8967194419488, 32.65410361329117], [128.89302722402726, 32.640840278656015], [128.82117861230313, 32.63612527885857], [128.80717889838752, 32.655573422975124], [128.7701025807695, 32.64475041400044], [128.76175661497587, 32.61974133269638], [128.7937455765972, 32.59879831479043], [128.77173555085506, 32.573904162347276], [128.7355394419917, 32.607423612709624], [128.66563861163263, 32.60840277476831], [128.65622666682725, 32.59042277479125], [128.59851888523838, 32.61227055923899], [128.6115261091427, 32.64695694560663], [128.6226799607117, 32.63418270276958], [128.61317486412872, 32.629564125583954], [128.61251778167036, 32.62107722523382], [128.6262633327866, 32.62739777478754], [128.6430244752994, 32.60382961334602], [128.66763102455218, 32.63002689242717], [128.63576666669837, 32.62842916227606], [128.65508693891115, 32.64214694592488], [128.6438052792903, 32.654033333071936], [128.66716805356293, 32.64507916207373], [128.6497719456189, 32.657314999687515], [128.6714228019208, 32.65127389197659], [128.66334472078233, 32.66700777488893], [128.67917917038244, 32.67197610831079], [128.66096009103546, 32.67007345042947], [128.6468841631737, 32.69746527919932], [128.66398916956462, 32.70064555894544], [128.64029360566542, 32.761159999634344], [128.66449944219562, 32.78477194636827], [128.69707917026756, 32.76670361318128], [128.69123724979931, 32.738306351357096], [128.70681805371032, 32.738551666626165], [128.7092844489182, 32.74990666685926], [128.73703083000885, 32.75750166726817], [128.7245796236508, 32.746937783551914], [128.74220000003004, 32.750922225380464], [128.73528447519845, 32.74408709904043], [128.73876407270382, 32.738479918713324], [128.7577666665984, 32.769066107914625], [128.7783069393139, 32.736328892364554], [128.77342360621446, 32.7506072252433], [128.79875077772624, 32.75523235129202], [128.76572000007798, 32.76166333309641], [128.80881165983033, 32.79810110777993], [128.80427333274815, 32.77499916208171], [128.81966477271112, 32.76025780155635]]]}}, {"type": "Feature", "properties": {}, "geometry": {"type": "Polygon", "coordinates": [[[128.5954671078208, 27.397111081011644], [128.6940341629463, 27.44089749492349], [128.71384778164986, 27.433657494697684], [128.57633289184957, 27.32995941429556], [128.5551688853359, 27.329962775062086], [128.52356686062217, 27.36001480204152], [128.53526722390336, 27.405385558796524], [128.5954671078208, 27.397111081011644]]]}}, {"type": "Feature", "properties": {}, "geometry": {"type": "Polygon", "coordinates": [[[127.65647269815656, 26.091275945828272], [127.66854118003153, 26.133398134616243], [127.65347678302714, 26.135268666915522], [127.65808461691165, 26.12785625226428], [127.6536080543683, 26.125843108172944], [127.65060269815604, 26.126782747725656], [127.6479648382068, 26.145303829308318], [127.66930496794998, 26.15209729725251], [127.67964000028587, 26.159306946258596], [127.64729552496851, 26.153270080649747], [127.65588678264896, 26.173527027350474], [127.64036871634323, 26.177113774581073], [127.654152529116, 26.1764516307382], [127.64058625155428, 26.207574720596938], [127.65310700428483, 26.217702441214726], [127.67175319055741, 26.205362332605603], [127.6600947212944, 26.218166946447468], [127.68372739290487, 26.22472738655972], [127.6686347733762, 26.246099468315833], [127.69604778207952, 26.239765559333136], [127.67290741914212, 26.254453251916118], [127.75826332013293, 26.29423077911646], [127.71136435797882, 26.439809333434027], [127.74206705939875, 26.42208885727841], [127.77133888528135, 26.446372494894774], [127.7995883273395, 26.437830558733367], [127.81194717332346, 26.464374027339545], [127.84583806707315, 26.481252505298926], [127.84403138843788, 26.50396944133672], [127.93715572241024, 26.523136121115407], [127.93205021974188, 26.542482891772067], [127.96429830122565, 26.54155938695618], [127.97990744457297, 26.565526135123093], [127.97958352765772, 26.589577162356193], [127.8947320492448, 26.606824494554814], [127.87740416297186, 26.64104127923173], [127.89496856015103, 26.660492251716107], [127.87419302209037, 26.684745054440782], [127.88021442295735, 26.709897252056578], [128.00055163395086, 26.69216005374352], [127.98570000035477, 26.63962027935247], [128.05132861212576, 26.634747667071224], [128.11146722433296, 26.668241386930504], [128.12457678299222, 26.661750973428752], [128.09862658904592, 26.680606000266778], [128.15523282039263, 26.716686280894088], [128.15304221792405, 26.74582861310006], [128.18398527879765, 26.74981555864116], [128.23198333296455, 26.79798861278431], [128.25343155582175, 26.843235414183084], [128.24900055832916, 26.870424999813963], [128.3059077823184, 26.84472722488158], [128.32715805360135, 26.7493050000258], [128.23854583702087, 26.631940829006112], [128.1487702718307, 26.629437225247784], [128.15173416300127, 26.59789222474643], [128.12348544669612, 26.603210559020113], [128.15104666726995, 26.56814194639378], [128.09480277602734, 26.534186386892316], [128.04167888477275, 26.559204161942546], [128.0531574968211, 26.520531667302635], [127.99726590082757, 26.51249652586055], [127.99106138787283, 26.47508000034179], [127.94117999955745, 26.471062225141623], [127.94905306134979, 26.437914720887704], [127.86979693897763, 26.457608891637108], [127.8434340596342, 26.427665919146875], [127.83070771738733, 26.432130197850427], [127.84128075170543, 26.405767108065618], [127.88039505808547, 26.378550306251668], [127.87349817080406, 26.35948674821492], [127.91484094685222, 26.331829026788228], [127.92134849513695, 26.29487341437664], [127.86485011733907, 26.343883278690384], [127.84255887179461, 26.334619927967367], [127.8349060566693, 26.32229325163229], [127.84772914438452, 26.314843801999928], [127.82853613523457, 26.310806694073733], [127.84928159457002, 26.302685072258328], [127.81623180255576, 26.305150927873058], [127.81283582401409, 26.271102062809973], [127.7606335543951, 26.202349973372634], [127.77781333311884, 26.172495468091427], [127.82112929997731, 26.191646693839914], [127.83107814544007, 26.16662313524955], [127.79289916996083, 26.134946748293828], [127.7592825028853, 26.132851945760763], [127.73211141361094, 26.098234531998116], [127.72409555116883, 26.10648638733693], [127.72484722432, 26.090240279365446], [127.68037525271575, 26.07493125237545], [127.65647269815656, 26.091275945828272]]]}}, {"type": "Feature", "properties": {}, "geometry": {"type": "Polygon", "coordinates": [[[127.99135832692536, 27.044231386869058], [127.94634033733678, 27.017066135094126], [127.94621199688618, 27.015520305717587], [127.93458277627417, 26.99489055855247], [127.95060583708982, 27.044563332931546], [127.99604778237926, 27.08925333257531], [128.02075472115348, 27.094498333431375], [127.99135832692536, 27.044231386869058]]]}}, {"type": "Feature", "properties": {}, "geometry": {"type": "Polygon", "coordinates": [[[126.82593333285706, 26.352113251725257], [126.80544275038267, 26.32460441396256], [126.81170416321663, 26.291256386972748], [126.77883555131973, 26.306281387376202], [126.76022394308052, 26.342280999768377], [126.71314000031077, 26.359691594891217], [126.7295682488757, 26.340607080852124], [126.71414277586848, 26.34860472123097], [126.70782472103406, 26.35741194570477], [126.71473027238426, 26.373447495405628], [126.77613499423467, 26.391336386864793], [126.82593333285706, 26.352113251725257]]]}}, {"type": "Feature", "properties": {}, "geometry": {"type": "Polygon", "coordinates": [[[125.33548221773026, 24.8221247207793], [125.33520372197427, 24.79891897263252], [125.43338166023545, 24.760990828863726], [125.46935027209747, 24.71882222516558], [125.45342472117397, 24.730671667263664], [125.3703911152578, 24.729392494967726], [125.3087926983244, 24.71157855930312], [125.29742306072569, 24.73376082859943], [125.29490527915539, 24.718323332555826], [125.26118527907738, 24.735326945781992], [125.25250832679785, 24.756401108224622], [125.26114555062668, 24.768500828950152], [125.26619194610146, 24.751200828855247], [125.28514333259875, 24.75316527915436], [125.25605230856729, 24.794656946061252], [125.29651888503861, 24.84628138687657], [125.2551283271107, 24.910138891796464], [125.26909763944457, 24.912647252069064], [125.33548221773026, 24.8221247207793]]]}}, {"type": "Feature", "properties": {}, "geometry": {"type": "Polygon", "coordinates": [[[125.16327438370593, 24.865416585806827], [125.1788357721532, 24.861595891637137], [125.20907486441354, 24.847088026591223], [125.21471488978045, 24.84149574803041], [125.22188527888261, 24.81401097342774], [125.2064850840195, 24.79885310808453], [125.13836383931982, 24.816239694006697], [125.14169269785975, 24.84256780196256], [125.15884523792255, 24.831303637633045], [125.16327438370593, 24.865416585806827]]]}}, {"type": "Feature", "properties": {}, "geometry": {"type": "Polygon", "coordinates": [[[124.30871505825337, 24.530929369294995], [124.25241319131578, 24.466773757103283], [124.25879211406493, 24.412968116785237], [124.23601924828972, 24.345059351308066], [124.20112236120804, 24.354216775383918], [124.1910547728595, 24.333307739260817], [124.14539251615179, 24.337106990894938], [124.14475760108246, 24.35099579322133], [124.11095339838073, 24.365491675700298], [124.13856970242989, 24.387014044962257], [124.143437703887, 24.41326654961165], [124.11921354097217, 24.43472147691466], [124.08537409923531, 24.41614212555868], [124.06903914364159, 24.431407783642328], [124.07665571968573, 24.45339743164618], [124.11965964967317, 24.446678648800628], [124.11780784665484, 24.482523207280224], [124.14319972798512, 24.46693266730881], [124.13997607033946, 24.44240518914819], [124.15249837889712, 24.4546988288879], [124.22300460407928, 24.455436891699264], [124.22852233513777, 24.499105999842072], [124.25663592740614, 24.519802413750426], [124.27924662832925, 24.506501431695767], [124.29595643304299, 24.54185665825821], [124.28264447476272, 24.56119608063466], [124.31646878090953, 24.612119856046547], [124.33995678307917, 24.60551953190094], [124.34045666674183, 24.586165964088025], [124.30447481236274, 24.546495332593565], [124.30871505825337, 24.530929369294995]]]}}, {"type": "Feature", "properties": {}, "geometry": {"type": "Polygon", "coordinates": [[[123.82238861244457, 24.39721805416991], [123.87277749718385, 24.4040377751233], [123.8871163940064, 24.383861108203632], [123.93977555070114, 24.36485472096865], [123.9282694418813, 24.31602222544541], [123.91162333255079, 24.32543833321256], [123.90445639414736, 24.27507777531912], [123.8810077822834, 24.280421108047733], [123.88057805383414, 24.256238892211172], [123.75537165967444, 24.279458053746225], [123.72373527905995, 24.299616945565617], [123.71833499406478, 24.278008612807298], [123.68039027219334, 24.28257861311255], [123.66169583729311, 24.308345000021802], [123.687294163395, 24.31062361318925], [123.68642693905201, 24.332721667271187], [123.71023722406869, 24.314873333437617], [123.70369916988079, 24.350122775445755], [123.71141888467389, 24.331088054170436], [123.72675861182051, 24.343401387264237], [123.75157778238884, 24.312692775151504], [123.74297639384554, 24.393511135030906], [123.7727252791484, 24.41761333278913], [123.76574778203462, 24.4339774947656], [123.78199499437358, 24.437322225440425], [123.82238861244457, 24.39721805416991]]]}}]}